nose_x,nose_y,left_eye_x,left_eye_y,right_eye_x,right_eye_y,left_ear_x,left_ear_y,right_ear_x,right_ear_y,left_shoulder_x,left_shoulder_y,right_shoulder_x,right_shoulder_y,left_elbow_x,left_elbow_y,right_elbow_x,right_elbow_y,left_wrist_x,left_wrist_y,right_wrist_x,right_wrist_y,left_hip_x,left_hip_y,right_hip_x,right_hip_y,left_knee_x,left_knee_y,right_knee_x,right_knee_y,left_ankle_x,left_ankle_y,right_ankle_x,right_ankle_y
679.4974365234375,754.0593872070312,665.9215087890625,743.80810546875,677.192138671875,748.9337158203125,655.9317016601562,745.6021118164062,671.81298828125,751.2402954101562,640.0504150390625,764.8232421875,670.5322265625,781.2252807617188,623.9129638671875,790.1951904296875,,,,,,,623.6568603515625,835.8133544921875,645.4295654296875,838.8887329101562,,,,,,,,
679.5023193359375,753.7745971679688,665.4489135742188,743.5242309570312,676.9472045898438,748.6494140625,655.9948120117188,745.5742797851562,671.8368530273438,751.2119750976562,639.8972778320312,764.793701171875,669.0261840820312,780.6817626953125,624.0552368164062,790.163330078125,,,,,,,623.5442504882812,835.7774047851562,645.2631225585938,838.8525390625,,,,,,,,
663.6756591796875,754.6009521484375,649.9342041015625,744.2135620117188,660.3051147460938,749.4072265625,639.3040771484375,746.291015625,654.8604125976562,751.744384765625,622.4513549804688,766.0270385742188,654.3418579101562,782.38720703125,611.5618896484375,791.9954833984375,662.8978271484375,795.1116943359375,,,,,606.1171875,836.6612548828125,626.8589477539062,839.2581176757812,,,647.8600463867188,862.3700561523438,636.1927490234375,874.0558471679688,,
645.2933959960938,760.751708984375,643.7041625976562,754.9256591796875,642.3798217773438,754.39599609375,623.8386840820312,750.4237060546875,636.5526123046875,755.9849243164062,609.5355224609375,768.6964111328125,635.4931030273438,784.3208618164062,600.0000610351562,793.0599975585938,,,,,,,589.4051513671875,838.609375,610.594970703125,841.7872314453125,,,622.2494506835938,869.8583374023438,,,,
611.854248046875,773.6340942382812,611.854248046875,770.3499755859375,608.5709228515625,770.6235961914062,592.154296875,767.6131591796875,599.2681884765625,770.3499755859375,580.3890991210938,782.1181030273438,593.5223388671875,791.1494750976562,,,593.7959594726562,827.822265625,,,622.5250244140625,826.7275390625,558.2266845703125,848.3480834960938,572.4544067382812,853.5479736328125,,,586.9557495117188,889.1260375976562,,,,
590.6258544921875,780.6060791015625,589.4963989257812,774.6744384765625,589.4963989257812,776.3692016601562,573.1197509765625,775.2393798828125,589.4963989257812,777.781494140625,566.6255493164062,793.881591796875,579.6139526367188,802.6377563476562,,,571.7079467773438,837.3800659179688,,,598.5317993164062,839.3572387695312,540.93115234375,853.7625732421875,558.7196044921875,861.3889770507812,,,571.7079467773438,893.306640625,,,,
590.9545288085938,781.9803466796875,590.6690673828125,776.258544921875,590.3836059570312,776.5446166992188,573.25537109375,773.9698486328125,588.0997924804688,777.6890258789062,567.260498046875,793.1378784179688,580.6776123046875,801.7205810546875,,,572.1134643554688,838.0540771484375,,,598.376708984375,839.4844970703125,541.28271484375,854.3612060546875,557.8399658203125,860.369140625,,,571.5425415039062,894.986083984375,,,,
576.923583984375,790.9257202148438,576.0960083007812,787.3370361328125,574.4408569335938,787.06103515625,571.9581298828125,788.1652221679688,568.6478271484375,787.6130981445312,565.8892211914062,806.6605224609375,557.8893432617188,809.4210205078125,,,549.0618286132812,842.822998046875,,,582.1649169921875,843.09912109375,528.3724365234375,857.4536743164062,540.7860717773438,868.4956665039062,,,563.406494140625,893.6161499023438,,,540.234375,961.8004150390625
545.3194580078125,797.0051879882812,543.722412109375,789.8177490234375,543.4561767578125,788.7529296875,528.017578125,791.9473266601562,539.4635009765625,792.479736328125,,,530.1470947265625,822.560546875,,,,,,,522.16162109375,869.1458740234375,,,517.1041259765625,877.9305419921875,,,552.5064086914062,912.00439453125,,,537.0678100585938,968.1730346679688
528.392578125,795.646240234375,527.0904541015625,790.9473876953125,526.569580078125,792.2525634765625,505.9957580566406,791.469482421875,523.7048950195312,795.9072875976562,496.620361328125,815.2247924804688,507.29791259765625,823.5783081054688,,,490.6304931640625,855.1651000976562,481.25506591796875,849.4220581054688,498.18292236328125,874.482666015625,,,,,,,,,,,,
512.459716796875,797.147705078125,511.420654296875,790.91650390625,510.121826171875,791.4357299804688,490.89892578125,791.4357299804688,505.96551513671875,795.8494873046875,483.1058349609375,806.7540893554688,493.7563781738281,818.1779174804688,,,483.3656311035156,834.275146484375,485.96331787109375,862.0558471679688,479.7288513183594,871.6622924804688,,,,,,,,,,,,
512.533447265625,796.1710205078125,510.9764404296875,790.716796875,510.45745849609375,790.9765625,490.9947509765625,791.4959716796875,504.2293701171875,795.9112548828125,482.6907043457031,809.1571044921875,492.811279296875,818.507080078125,,,478.2791748046875,856.6861572265625,486.32373046875,863.9583740234375,486.32373046875,884.7361450195312,,,,,,,,,,,,
476.91314697265625,781.1468505859375,477.4015197753906,776.0060424804688,473.4944763183594,776.2507934570312,472.2735290527344,778.209228515625,464.21527099609375,777.7196044921875,475.9363708496094,801.220703125,448.3429870605469,791.1837768554688,477.64569091796875,840.8787231445312,,,488.87841796875,876.6199340820312,,,435.4009704589844,854.5877075195312,463.7269287109375,859.728515625,430.02880859375,898.6521606445312,,,430.02880859375,898.6521606445312,,
461.8197021484375,770.5015258789062,461.8197021484375,765.733642578125,459.19769287109375,765.9720458984375,438.93658447265625,765.733642578125,457.0523681640625,767.6408081054688,430.8321228027344,781.7061767578125,460.151123046875,790.7651977539062,418.67547607421875,775.7462768554688,474.69146728515625,804.1154174804688,408.1873779296875,789.096435546875,,,426.7799072265625,843.21240234375,453.95361328125,845.5963134765625,,,,,421.77423095703125,891.8451538085938,,
436.35528564453125,762.3252563476562,445.3644104003906,756.8624877929688,432.799072265625,757.8125610351562,423.78997802734375,758.5250854492188,448.20941162109375,759.4751586914062,415.2550048828125,779.1886596679688,457.218505859375,782.038818359375,392.49517822265625,778.951171875,479.97833251953125,806.027587890625,,,,,419.5224914550781,844.2670288085938,447.02398681640625,844.2670288085938,,,452.002685546875,875.3811645507812,,,,
438.2703857421875,757.1460571289062,437.5462646484375,753.7710571289062,437.3049011230469,753.7710571289062,411.47882080078125,756.6639404296875,434.64990234375,756.9049682617188,401.10009765625,777.8782958984375,444.7872314453125,775.2265014648438,387.34228515625,780.2890014648438,464.820556640625,772.092529296875,390.7214050292969,771.3693237304688,,,411.7201843261719,847.30712890625,437.5462646484375,845.3786010742188,407.6169738769531,862.253662109375,440.9253845214844,882.5037231445312,,,,
422.4807434082031,764.6446533203125,395.2878112792969,755.818359375,417.7100524902344,761.5435180664062,401.25115966796875,756.0569458007812,424.8660888671875,756.0569458007812,388.13177490234375,778.7189331054688,433.6918640136719,773.4708862304688,372.14996337890625,788.0222778320312,443.23321533203125,761.3049926757812,390.0400695800781,769.4155883789062,443.23321533203125,761.5435180664062,403.63653564453125,846.9435424804688,431.5450439453125,844.5580444335938,,,432.0221252441406,874.6150512695312,,,431.7835693359375,870.0826416015625
411.1189880371094,771.07666015625,417.8282775878906,765.8004150390625,407.28509521484375,765.8004150390625,432.68463134765625,766.5198974609375,418.0679016113281,760.2843017578125,378.0516357421875,778.9910888671875,378.291259765625,778.751220703125,354.3294677734375,807.770751953125,355.52752685546875,807.2911376953125,,,,,,,426.21490478515625,843.2656860351562,,,390.5118103027344,848.3021240234375,,,424.53759765625,874.92333984375
381.2203063964844,746.608154296875,385.9658203125,743.0443115234375,374.3393249511719,739.95556640625,376.4748229980469,759.913330078125,404.9478454589844,753.7359619140625,370.068359375,780.3463134765625,371.2547607421875,780.1087036132812,353.4591064453125,799.1160888671875,,,,,,,390.7113342285156,839.2691650390625,419.421630859375,839.0316162109375,,,377.66119384765625,849.7232666015625,,,,
365.4486389160156,764.5892333984375,366.8977355957031,761.2136840820312,400.4686279296875,764.5892333984375,367.1392517089844,764.34814453125,392.25701904296875,763.142578125,361.34283447265625,784.6014404296875,406.50653076171875,781.225830078125,347.3348388671875,808.95361328125,,,,,,,378.2490234375,838.851318359375,406.748046875,837.8868408203125,412.7860107421875,873.0890502929688,412.302978515625,874.053466796875,,,,
384.48431396484375,771.6328125,383.2784729003906,765.8451538085938,382.3138122558594,766.568603515625,382.796142578125,766.3274536132812,382.0726623535156,766.8097534179688,350.72119140625,791.4071655273438,394.3720703125,782.4845581054688,341.556884765625,811.1815795898438,341.0745849609375,812.86962890625,336.73358154296875,805.3939208984375,338.1805725097656,805.6350708007812,368.0850830078125,843.495849609375,397.26605224609375,842.0488891601562,408.600830078125,879.66845703125,354.3386535644531,861.099853515625,,,,
373.4229736328125,772.786376953125,373.1846008300781,768.9699096679688,372.7078857421875,768.9699096679688,351.01666259765625,769.4469604492188,371.51605224609375,768.9699096679688,342.9122314453125,792.584228515625,384.1494140625,787.5751342773438,339.57513427734375,814.2903442382812,391.0619812011719,819.5380249023438,338.38330078125,790.676025390625,,,356.0223388671875,849.8311767578125,384.38775634765625,847.6843872070312,344.3424377441406,870.8216552734375,400.35821533203125,880.83984375,,,,
339.6138610839844,787.1765747070312,341.52044677734375,784.7871704101562,363.684326171875,776.6633911132812,342.7120361328125,782.6367797851562,362.7310485839844,779.2916870117188,340.09051513671875,800.0791015625,375.123779296875,796.0171508789062,328.1744384765625,827.5567016601562,382.51171875,832.8132934570312,328.65106201171875,806.769287109375,328.65106201171875,805.5745849609375,346.04852294921875,856.22900390625,373.9321594238281,855.5121459960938,332.94085693359375,877.9721069335938,392.521240234375,882.98974609375,,,,
358.5018615722656,786.671630859375,357.31610107421875,782.3963623046875,356.6046447753906,783.8214721679688,336.44683837890625,789.0468139648438,356.1303405761719,784.2965087890625,331.9409484863281,803.0601806640625,369.4107971191406,801.3975830078125,325.0635681152344,838.6874389648438,372.4937744140625,828.9492797851562,324.826416015625,858.401123046875,,,334.3124694824219,867.4267578125,363.0077209472656,865.2890625,323.8778076171875,893.3158569335938,385.2999267578125,893.3158569335938,,,,
319.1531982421875,798.5200805664062,321.7233581542969,793.8484497070312,334.10693359375,796.885009765625,323.59259033203125,795.95068359375,344.1539306640625,796.6514282226562,317.75128173828125,820.0097045898438,359.3413391113281,816.97314453125,310.508056640625,859.2516479492188,310.74169921875,858.083740234375,303.4985046386719,827.484375,303.7321472167969,828.8858642578125,320.78875732421875,883.3106689453125,350.6961975097656,882.843505859375,,,,,,,,
344.7859191894531,800.4129028320312,345.7088928222656,795.5634155273438,339.01727294921875,796.2561645507812,324.24951171875,795.5634155273438,327.94146728515625,796.4871215820312,358.39990234375,815.6541748046875,359.55364990234375,815.6541748046875,351.4775390625,850.9862670898438,309.25103759765625,858.14501953125,,,304.17462158203125,830.2026977539062,350.3238220214844,879.6213989257812,319.8653564453125,881.9307250976562,,,,,,,,
320.2237548828125,799.477294921875,328.728515625,796.7218017578125,321.832763671875,796.4921875,322.752197265625,796.951416015625,343.4394226074219,797.1810302734375,314.93701171875,822.4398193359375,359.06976318359375,818.5361938476562,308.0412902832031,859.63916015625,358.61004638671875,845.1727294921875,308.0412902832031,876.6314086914062,306.2024230957031,889.7200927734375,317.9251708984375,883.2905883789062,348.9560241699219,883.7498168945312,,,,,,,,
327.70965576171875,798.8705444335938,331.6390075683594,794.2511596679688,323.5491943359375,794.2511596679688,323.31805419921875,796.098876953125,344.1204528808594,794.4821166992188,315.4593811035156,821.0435791015625,360.9934997558594,818.041015625,309.680908203125,856.6129150390625,369.314453125,844.3715209960938,306.44500732421875,886.638916015625,,,320.5444030761719,883.4053344726562,351.0545654296875,884.5601806640625,,,,,,,,
327.93560791015625,786.9229125976562,330.0257568359375,782.0455932617188,328.63232421875,782.2778930664062,335.135009765625,784.3681640625,352.5529479980469,783.67138671875,323.75531005859375,808.0579223632812,369.04193115234375,805.2708740234375,321.20068359375,847.0763549804688,392.73028564453125,829.8896484375,375.54461669921875,834.7669677734375,375.08013916015625,834.7669677734375,327.2388916015625,871.6951293945312,327.00665283203125,872.6241455078125,,,,,,,,
333.1212463378906,778.0402221679688,334.7545166015625,773.8325805664062,334.9878234863281,774.0663452148438,337.55438232421875,776.170166015625,358.08673095703125,776.4039306640625,331.7213134765625,801.4161376953125,374.652587890625,798.8447875976562,328.4548034667969,842.0902099609375,402.8845520019531,823.6232299804688,,,382.81884765625,829.9347534179688,335.9211120605469,863.5960083007812,363.453125,862.894775390625,,,323.7883605957031,896.0885009765625,,,,
333.849365234375,779.7949829101562,336.4277648925781,774.6244506835938,335.2557678222656,775.094482421875,338.5373840332031,775.3295288085938,359.3990478515625,776.504638671875,331.73974609375,801.8872680664062,375.80712890625,798.8319091796875,327.2861328125,843.95654296875,404.638427734375,824.4495849609375,,,382.8391418457031,829.6201171875,335.2557678222656,866.5189208984375,365.9622802734375,866.048828125,,,,,,,,
347.6261901855469,779.4554443359375,352.3681945800781,776.3685302734375,345.96649169921875,774.2314453125,346.20361328125,771.6195068359375,365.645751953125,771.6195068359375,382.4798278808594,793.2276611328125,383.90240478515625,792.990234375,330.7921447753906,838.34375,409.98333740234375,816.9729614257812,,,326.0501708984375,859.2395629882812,341.46160888671875,860.9017333984375,341.46160888671875,861.8515625,,,333.16314697265625,887.73388671875,,,,
383.1611022949219,772.522705078125,358.0440673828125,767.457763671875,383.1611022949219,767.698974609375,360.70068359375,770.35205078125,382.195068359375,769.6284790039062,352.00634765625,794.9533081054688,399.5837707519531,792.3002319335938,340.41387939453125,817.1427001953125,424.2177734375,821.001708984375,332.4440612792969,857.6624145507812,,,358.76861572265625,857.903564453125,386.30072021484375,859.8331298828125,353.45538330078125,881.2988891601562,392.0969543457031,892.1524047851562,,,391.3724365234375,892.634765625
365.538330078125,774.5089111328125,368.4472961425781,770.1442260742188,368.20489501953125,768.4468383789062,370.14422607421875,768.6893310546875,391.47674560546875,766.5069580078125,362.1445007324219,793.1801147460938,410.8699645996094,792.210205078125,349.5389099121094,812.0938110351562,425.89971923828125,823.0055541992188,336.448486328125,844.3441162109375,,,366.50799560546875,860.8329467773438,395.11297607421875,862.7728271484375,361.902099609375,876.5943603515625,397.5371398925781,890.6583862304688,363.1141662597656,884.3538208007812,,
376.55792236328125,775.4331665039062,378.2635498046875,770.5618896484375,401.1675109863281,768.3697509765625,380.45648193359375,772.2667846679688,402.14215087890625,770.07470703125,369.9791259765625,793.9440307617188,418.46734619140625,795.4053955078125,355.6032409667969,813.9163208007812,432.35589599609375,825.3638305664062,372.41571044921875,788.0985107421875,,,373.390380859375,861.6549072265625,403.1167907714844,863.6034545898438,,,405.0660705566406,889.664794921875,372.9030456542969,886.0113525390625,,
374.89813232421875,775.6365966796875,377.3211669921875,770.7881469726562,376.8365478515625,771.030517578125,380.47113037109375,773.6972045898438,402.2784729003906,770.7881469726562,370.5366516113281,794.545654296875,418.2705078125,795.2728881835938,355.5137939453125,813.6970825195312,431.35491943359375,824.3637084960938,364.9636535644531,797.4547119140625,,,373.4443054199219,861.2120361328125,403.489990234375,863.3939208984375,,,405.18609619140625,889.0907592773438,372.9596862792969,886.1817016601562,403.974609375,889.3331909179688
397.65618896484375,783.3801879882812,402.0830993652344,780.6728515625,398.1480712890625,778.457763671875,412.4125671386719,781.9034423828125,423.97174072265625,778.9500122070312,394.9508361816406,801.100830078125,435.5309143066406,806.0232543945312,373.06219482421875,811.9301147460938,450.5332336425781,840.7261962890625,383.145751953125,793.2249755859375,429.3824157714844,840.4800415039062,390.2779846191406,864.599853515625,421.75830078125,859.923583984375,,,,,,,,
437.354736328125,785.1401977539062,437.354736328125,780.9994506835938,434.67266845703125,781.4866333007812,413.9477233886719,782.4609375,434.67266845703125,783.6787719726562,401.2688903808594,802.9209594726562,443.4503173828125,809.740966796875,382.4945068359375,810.4716796875,459.7864685058594,842.3795776367188,,,,,398.343017578125,871.608154296875,429.3085632324219,870.8775024414062,,,,,,,,
440.3232116699219,786.7091674804688,448.1477966308594,783.2818603515625,436.8999328613281,782.792236328125,428.341796875,781.3234252929688,447.9032897949219,785.2403564453125,413.9151611328125,799.9288330078125,455.972412109375,809.2315063476562,396.5543518066406,811.9243774414062,470.8880615234375,835.6707763671875,465.5086364746094,842.0357666015625,,,408.0467224121094,867.9853515625,439.58966064453125,870.4334716796875,,,,,,,,
466.81048583984375,785.7279663085938,466.81048583984375,781.562744140625,464.85260009765625,781.8077392578125,446.0078125,779.3575439453125,464.3631286621094,783.5228271484375,431.0788269042969,795.2836303710938,471.21575927734375,810.474609375,414.9261474609375,808.0244750976562,484.43157958984375,842.32666015625,,,,,420.79986572265625,868.0533447265625,451.88153076171875,868.2984008789062,410.5208740234375,893.0450439453125,,,,,,
477.36126708984375,782.7880859375,481.003173828125,778.912109375,472.990966796875,777.7008056640625,462.0652770996094,776.247314453125,482.21710205078125,781.3345947265625,484.40228271484375,805.3173828125,446.2837219238281,794.4161376953125,499.4554443359375,821.063720703125,427.5886535644531,814.7651977539062,491.68603515625,838.990234375,416.420166015625,827.1199340820312,436.3292236328125,862.488525390625,466.921142578125,864.9110717773438,424.4323425292969,890.3473510742188,424.4323425292969,889.8628540039062,,,,
494.19403076171875,784.2178344726562,497.55096435546875,779.4200439453125,494.19403076171875,778.7003784179688,480.0469055175781,773.902587890625,480.28668212890625,774.6222534179688,500.4283752441406,804.1287231445312,462.0632629394531,793.5735473632812,445.9978942871094,819.96142578125,443.83984375,819.2417602539062,,,436.1668395996094,844.1903076171875,482.9242858886719,863.6213989257812,481.485595703125,866.2601928710938,,,439.7635803222656,887.3704833984375,,,,
501.89678955078125,791.5933837890625,506.0019836425781,789.6637573242188,512.52197265625,775.9149780273438,490.5472106933594,774.9501953125,512.52197265625,778.3270874023438,479.4390869140625,794.0054931640625,514.936767578125,802.9301147460938,,,527.4937744140625,813.060791015625,,,,,464.46728515625,861.0608520507812,493.68646240234375,866.126220703125,453.11767578125,887.5935668945312,,,,,,
526.1871337890625,774.614990234375,525.7020263671875,769.7723999023438,522.306396484375,770.0145263671875,504.11553955078125,769.7723999023438,522.79150390625,773.1622314453125,489.3203125,791.0797729492188,527.6423950195312,797.1329956054688,467.73382568359375,820.8616943359375,542.195068359375,814.32421875,,,,,483.01416015625,855.7283325195312,510.1791687011719,861.05517578125,469.6741943359375,884.2996215820312,510.90679931640625,894.2269287109375,,,,
535.7152099609375,765.8931884765625,536.2006225585938,762.2564086914062,531.1036376953125,762.4988403320312,512.9000244140625,764.9234008789062,514.3563232421875,763.4686889648438,543.7247924804688,790.8660278320312,545.1810913085938,791.8358154296875,492.02655029296875,800.564208984375,559.258544921875,822.3850708007812,,,,,498.3371276855469,849.782470703125,523.8221435546875,855.35888671875,487.4149475097656,875.967529296875,521.39501953125,889.544921875,,,,
543.5810546875,755.386962890625,543.5810546875,749.115234375,538.269287109375,749.59765625,545.0297241210938,752.0098876953125,526.9213256835938,754.9044799804688,557.8262939453125,782.4034423828125,559.2749633789062,784.0919189453125,569.4157104492188,817.3800659179688,569.4157104492188,816.1740112304688,569.4157104492188,805.3191528320312,,,512.6760864257812,844.1553955078125,538.7521362304688,849.462158203125,536.820556640625,881.7854614257812,535.8547973632812,884.4388427734375,,,,
552.3040771484375,757.599853515625,555.1980590820312,753.7423095703125,548.4454345703125,754.2244873046875,534.2166137695312,753.9833984375,558.092041015625,753.7423095703125,524.8110961914062,774.2355346679688,572.56201171875,777.3698120117188,508.170654296875,790.8712158203125,581.726318359375,804.8547973632812,515.1644897460938,777.6109008789062,,,529.8756103515625,841.5015258789062,557.8508911132812,842.2247924804688,,,550.8570556640625,877.666015625,,,,
537.534423828125,746.9825439453125,540.9071655273438,743.607177734375,568.8525390625,745.7770385742188,545.9662475585938,746.741455078125,569.5752563476562,746.2592163085938,536.3298950195312,768.4398803710938,583.788818359375,770.8507690429688,520.1890258789062,787.7273559570312,592.702392578125,798.0943603515625,542.8344116210938,789.4150390625,570.2979736328125,796.40673828125,545.2435302734375,834.017333984375,573.4297485351562,834.2584228515625,,,565.2388916015625,869.9403076171875,540.666259765625,866.082763671875,564.9979858398438,869.217041015625
583.9700927734375,747.1841430664062,588.8432006835938,742.7960205078125,581.5335693359375,743.039794921875,575.685791015625,739.383056640625,598.1021728515625,739.383056640625,566.6705322265625,759.6171875,609.553955078125,762.298828125,550.3455810546875,776.1945190429688,614.4270629882812,788.871337890625,,,,,572.2745971679688,826.6580200195312,598.5894775390625,828.1207275390625,,,,,,,,
585.1015014648438,746.43505859375,589.2256469726562,743.0392456054688,580.7347412109375,743.2817993164062,598.4443359375,740.37109375,598.2017211914062,739.6434326171875,565.9363403320312,759.29052734375,610.5741577148438,763.899169921875,547.0137939453125,777.4822998046875,621.005859375,795.4315185546875,,,,,572.243896484375,826.4788818359375,598.2017211914062,827.4490966796875,,,,,,,,
595.6049194335938,745.92431640625,600.6656494140625,742.5488891601562,593.4360961914062,742.3078002929688,590.5442504882812,737.9679565429688,611.028076171875,739.1734619140625,581.8687744140625,757.9794311523438,624.5232543945312,764.248046875,564.5177612304688,775.3387451171875,631.2708740234375,794.1446533203125,,,633.4397583007812,788.599365234375,584.7605590820312,828.6221923828125,612.7149658203125,828.381103515625,,,,,,,,
612.1317138671875,747.7981567382812,616.2009887695312,744.9207763671875,608.780517578125,744.2014770507812,605.9081420898438,739.4058227539062,626.2545166015625,740.604736328125,596.093994140625,760.0269775390625,635.3505249023438,765.0623779296875,581.7318115234375,774.6536254882812,649.7127075195312,797.9124145507812,599.2057495117188,754.032470703125,627.9301147460938,791.9178466796875,599.4451293945312,831.481689453125,625.2970581054688,831.0021362304688,603.2750244140625,877.0401000976562,,,,,,
635.5617065429688,755.682373046875,642.4730224609375,753.4541625976562,636.7958984375,752.21630859375,635.5617065429688,749.7406005859375,655.308349609375,750.2357177734375,622.9732055664062,768.06103515625,660.9855346679688,774.0028076171875,614.3340454101562,785.3911743164062,680.97900390625,807.1776733398438,677.7701416015625,799.7504272460938,676.5360107421875,797.7698364257812,625.6883544921875,838.1243286132812,653.5805053710938,835.8961791992188,632.8465576171875,881.44970703125,,,,,,
660.8137817382812,764.0311279296875,665.676025390625,759.6746826171875,655.6956176757812,759.6746826171875,648.5301513671875,755.3182373046875,669.5147094726562,755.3182373046875,638.2938232421875,773.5127563476562,672.5855712890625,778.8942260742188,628.0574340820312,790.4259643554688,682.3101196289062,789.6572265625,646.48291015625,804.2640991210938,689.7315063476562,806.5704345703125,641.8765258789062,842.190673828125,667.2115478515625,838.3468017578125,646.73876953125,894.211669921875,683.8455810546875,858.078857421875,650.0656127929688,957.764404296875,,
664.689453125,765.3720703125,667.0460205078125,760.1240234375,656.3106689453125,759.5992431640625,649.2410278320312,755.6632080078125,668.355224609375,755.6632080078125,637.7201538085938,774.0313110351562,669.6644287109375,777.96728515625,627.5084228515625,789.512939453125,,,683.8036499023438,802.8953857421875,645.0516357421875,770.6200561523438,641.1240234375,842.5179443359375,666.5223388671875,838.319580078125,646.3607788085938,893.9486083984375,686.4220581054688,856.6876220703125,648.4555053710938,959.0240478515625,705.2744140625,987.1010131835938
681.7506713867188,764.2647094726562,683.0810546875,759.4721069335938,678.5578002929688,760.004638671875,685.4757080078125,758.9395751953125,668.180908203125,761.6021728515625,683.0810546875,780.2400512695312,653.0147705078125,779.4412841796875,696.1185913085938,794.8841552734375,696.1185913085938,796.7479248046875,698.5132446289062,809.7944946289062,667.6488037109375,778.3762817382812,655.409423828125,843.3427124023438,659.4005126953125,843.6090087890625,658.3362426757812,891.5350341796875,703.834716796875,861.71435546875,650.0879516601562,954.3714599609375,,
706.6500854492188,760.9091796875,704.7550659179688,756.0263671875,704.213623046875,756.2976684570312,684.1807250976562,757.1114501953125,699.6115112304688,757.9252319335938,669.5620727539062,780.98291015625,702.860107421875,781.7967529296875,666.8549194335938,807.5670776367188,721.5394287109375,795.63134765625,705.2965087890625,811.093505859375,755.108154296875,919.8715209960938,677.6835327148438,845.54443359375,703.4014892578125,841.7467041015625,685.8049926757812,884.8781127929688,733.450927734375,863.9906005859375,663.8770751953125,915.802490234375,756.4617309570312,927.73828125
713.870849609375,759.08935546875,711.696044921875,754.7324829101562,712.5115966796875,754.7324829101562,686.685791015625,757.7278442382812,708.1619873046875,755.8217163085938,675.811767578125,778.1505737304688,713.870849609375,780.3290405273438,670.91845703125,805.925537109375,732.6285400390625,798.8456420898438,692.122802734375,797.2117919921875,738.881103515625,812.7330932617188,682.8798828125,845.4094848632812,709.521240234375,841.8695678710938,694.297607421875,872.912109375,744.86181640625,872.3675537109375,675.26806640625,909.1284790039062,757.6387939453125,931.18505859375
718.1096801757812,751.8536376953125,716.22998046875,747.5551147460938,716.49853515625,747.5551147460938,690.4515380859375,750.5103759765625,713.2762451171875,750.24169921875,678.3678588867188,770.9281616210938,721.3319702148438,774.6893310546875,673.8029174804688,798.3310546875,740.3973388671875,803.1668701171875,687.7662963867188,764.48046875,728.8507080078125,817.94287109375,687.7662963867188,838.62939453125,715.9614868164062,837.8234252929688,698.50732421875,862.2711181640625,750.0642700195312,873.8233032226562,688.5718383789062,903.1067504882812,757.314453125,927.5543823242188
717.113525390625,753.1027221679688,713.67236328125,750.4521484375,716.8488159179688,748.86181640625,690.642822265625,750.7172241210938,713.67236328125,749.9220581054688,677.9368896484375,770.861572265625,720.8194580078125,774.3073120117188,673.7015991210938,797.3672485351562,739.8783569335938,802.1383056640625,675.2898559570312,797.3672485351562,730.084228515625,818.57177734375,688.260498046875,838.981201171875,716.8488159179688,838.18603515625,698.3193359375,862.0411376953125,750.7313232421875,874.2337646484375,689.0546264648438,903.920166015625,756.5548706054688,928.5704345703125
720.7682495117188,735.5054931640625,715.7581176757812,731.5496826171875,718.9224243164062,731.5496826171875,697.035888671875,733.395751953125,717.0765380859375,732.0771484375,682.7965087890625,754.7572021484375,722.6141357421875,755.0209350585938,675.1494140625,779.2833862304688,737.6446533203125,779.8108520507812,692.5531005859375,759.7679443359375,744.7643432617188,796.6890869140625,692.0257568359375,817.786865234375,720.5045776367188,816.9957275390625,705.73779296875,837.8297729492188,737.6446533203125,853.1256713867188,712.06640625,891.892822265625,757.948974609375,923.80322265625
724.1275634765625,726.7660522460938,721.2542114257812,724.1544189453125,721.776611328125,722.3262329101562,699.0506591796875,723.8932495117188,718.3807983398438,724.6767578125,684.4224853515625,745.308837890625,724.3887939453125,746.8757934570312,677.3695678710938,764.896240234375,737.7109375,770.6419067382812,679.1981201171875,748.181640625,,,693.0426635742188,808.249755859375,718.1195678710938,806.9439086914062,708.9769287109375,832.5381469726562,739.5394287109375,843.2459716796875,719.9481201171875,875.8917236328125,751.2942504882812,908.0150756835938
727.5300903320312,721.82666015625,726.7701416015625,717.7691650390625,725.503662109375,717.7691650390625,701.18603515625,716.7547607421875,720.6907958984375,718.0227661132812,684.21435546875,736.0280151367188,725.7569580078125,741.353515625,676.36181640625,759.865966796875,744.2484741210938,778.37841796875,695.8665771484375,743.3822631835938,,,691.3070068359375,802.469970703125,715.8779296875,798.9196166992188,711.318359375,827.575927734375,742.98193359375,834.93017578125,719.4242553710938,878.548583984375,744.2484741210938,894.0178833007812
728.8936767578125,713.2634887695312,727.1744995117188,709.0810546875,727.4201049804688,709.3270263671875,704.0885620117188,708.8350219726562,722.9993896484375,709.5731201171875,686.6513061523438,728.0250854492188,724.4729614257812,735.4058837890625,680.0202026367188,749.183349609375,744.8573608398438,773.0479736328125,696.96630859375,723.8426513671875,730.6128540039062,786.3334350585938,689.843994140625,794.4522705078125,712.9299926757812,792.4840698242188,712.1931762695312,823.9755249023438,747.5588989257812,823.2374267578125,717.3507080078125,875.8871459960938,742.4014282226562,873.1808471679688
732.6649169921875,709.4827880859375,731.7001953125,705.3821411132812,731.4590454101562,705.3821411132812,705.8948974609375,704.4172973632812,727.1179809570312,705.8645629882812,689.254150390625,722.0259399414062,728.80615234375,729.2623901367188,685.1542358398438,738.1873168945312,745.6881103515625,766.168212890625,698.177490234375,718.16650390625,,,688.0482788085938,789.3248291015625,713.1300659179688,785.94775390625,712.647705078125,821.8887329101562,748.099853515625,811.9989013671875,711.9241943359375,875.6795654296875,,
733.8070678710938,702.5966796875,731.19580078125,699.2759399414062,731.4331665039062,698.801513671875,709.8307495117188,698.801513671875,728.58447265625,699.987548828125,694.6378173828125,717.77734375,733.0949096679688,727.2652587890625,689.6526489257812,740.54833984375,745.4391479492188,763.0820922851562,744.252197265625,763.3193359375,,,687.0413818359375,782.2951049804688,709.5933837890625,782.76953125,,,748.0504150390625,801.9825439453125,,,,
739.3284912109375,707.92138671875,726.019775390625,701.6117553710938,737.9276123046875,704.1823120117188,711.3101806640625,696.93798828125,732.3239135742188,700.9107055664062,698.2349243164062,715.3994140625,735.125732421875,724.0459594726562,,,746.5665893554688,760.267822265625,742.830810546875,747.4149169921875,,,688.6619873046875,777.3271484375,712.4776000976562,780.5988159179688,,,745.6326293945312,798.1255493164062,,,748.2009887695312,848.6024780273438
722.3919677734375,700.7831420898438,727.5224609375,697.5120849609375,720.5263061523438,697.0447998046875,713.0636596679688,693.306396484375,731.2537841796875,697.2784423828125,697.4388427734375,712.4655151367188,733.819091796875,719.2412719726562,693.2410888671875,732.7928466796875,745.4793701171875,757.0922241210938,,,745.0130004882812,760.36328125,688.8101806640625,776.2513427734375,713.5300903320312,779.5223999023438,,,745.4793701171875,794.943115234375,,,746.6454467773438,848.4484252929688
736.5068969726562,694.9676513671875,735.0972290039062,691.91552734375,734.6273193359375,691.211181640625,713.4821166992188,691.211181640625,731.1031494140625,694.2633056640625,697.74072265625,708.8196411132812,733.9224853515625,717.5064697265625,693.0418090820312,733.706298828125,747.0794677734375,753.8973388671875,,,744.9649658203125,758.8276977539062,688.10791015625,772.4449462890625,713.9520263671875,776.9057006835938,,,746.3746337890625,793.34033203125,,,744.9649658203125,856.7307739257812
719.1217651367188,695.1552124023438,,,739.8858642578125,700.6498413085938,711.484375,688.7049560546875,731.532470703125,691.8106689453125,697.164306640625,706.1444091796875,734.8738403320312,715.2225341796875,691.9136352539062,730.0341186523438,745.375244140625,749.384765625,,,742.51123046875,722.6282958984375,687.6176147460938,768.4965209960938,713.3937377929688,772.31884765625,695.49365234375,792.1472778320312,744.6592407226562,790.7139282226562,666.1375122070312,828.4595947265625,745.375244140625,850.4381103515625
731.13623046875,688.4109497070312,744.2200317382812,701.9869384765625,730.8939208984375,685.0169677734375,711.2681884765625,684.7745361328125,728.95556640625,687.4412231445312,697.6997680664062,701.0172119140625,731.3784790039062,710.7144165039062,693.3385009765625,720.8964233398438,742.7662353515625,746.5938720703125,725.3211669921875,724.0479736328125,739.3741455078125,734.22998046875,684.615966796875,764.2911987304688,709.5721435546875,766.4730224609375,691.1578369140625,784.4127807617188,743.008544921875,787.8067626953125,673.2281494140625,809.6253662109375,744.9468994140625,840.4138793945312
,,,,,,1909.689208984375,457.489990234375,1919.84130859375,457.489990234375,1902.70947265625,466.9802551269531,,,1884.943115234375,470.7763671875,,,1882.0877685546875,457.489990234375,,,1907.151123046875,499.2471923828125,,,,,,,,,,
726.8388061523438,674.2456665039062,725.859375,670.813232421875,725.1248168945312,671.3035888671875,707.9851684570312,670.5680541992188,723.6557006835938,673.5101318359375,694.7631225585938,686.7496337890625,723.9005737304688,699.743896484375,,,735.6535034179688,732.5974731445312,722.1865844726562,693.614501953125,744.2233276367188,731.37158203125,677.1337280273438,748.5338134765625,697.9461669921875,751.4759521484375,,,739.0814208984375,768.8834228515625,665.8704833984375,806.6404418945312,732.2255859375,822.0865478515625
726.37646484375,674.7745971679688,726.1317749023438,670.85302734375,724.9083862304688,671.09814453125,707.781005859375,669.6275634765625,723.1956176757812,672.3236083984375,694.5684814453125,686.2941284179688,724.4190063476562,699.0391235351562,,,736.1635131835938,734.087890625,725.8870849609375,695.3626708984375,743.9931640625,730.9016723632812,676.9517211914062,747.8132934570312,697.0151977539062,752.7152099609375,,,739.099609375,767.9111938476562,665.207275390625,806.8814697265625,732.4933471679688,823.057861328125
738.3666381835938,678.8939819335938,743.8095703125,675.6791381835938,735.1503295898438,674.442626953125,707.6880493164062,668.2601928710938,723.02734375,669.4967041015625,695.5650634765625,682.10888671875,719.81103515625,694.7210693359375,,,732.4288330078125,727.1170043945312,723.2747192382812,692.0007934570312,745.046630859375,726.1278076171875,676.5146484375,743.1912841796875,691.8539428710938,747.3953857421875,,,736.3873291015625,767.17919921875,665.1339111328125,798.5859375,729.7073364257812,819.1116333007812
723.4369506835938,668.9271850585938,720.4384765625,663.1834716796875,721.937744140625,665.1812744140625,705.6958618164062,663.1834716796875,718.939208984375,665.9304809570312,693.701904296875,676.91845703125,716.6903686523438,692.15185546875,722.1876220703125,691.1529541015625,728.9342041015625,723.1179809570312,739.428955078125,720.3709716796875,,,675.7109375,739.8497314453125,690.20361328125,743.8453369140625,,,733.6818237304688,768.0689086914062,663.2171630859375,790.5443115234375,727.4349365234375,820.0121459960938
721.8795776367188,661.26708984375,720.6064453125,656.931396484375,720.09716796875,657.4414672851562,700.7451171875,657.4414672851562,713.2221069335938,659.4818115234375,690.050537109375,671.46875,709.911865234375,684.4758911132812,718.3147583007812,708.9598388671875,721.8795776367188,711.0001831054688,739.703857421875,706.9195556640625,740.97705078125,708.1947021484375,670.6984252929688,731.1484375,686.9949340820312,736.7593994140625,686.4856567382812,755.37744140625,726.7176513671875,764.81396484375,662.2955322265625,780.8815307617188,725.6990966796875,819.9028930664062
717.163330078125,659.2646484375,717.163330078125,654.0912475585938,716.64697265625,654.6085815429688,700.1240234375,652.2805786132812,709.6763916015625,654.3499145507812,688.5062255859375,668.0594482421875,705.5455932617188,676.8541870117188,,,717.163330078125,705.3079223632812,732.1373291015625,701.169189453125,736.0098876953125,700.65185546875,667.8524780273438,725.7427978515625,685.924560546875,730.916259765625,681.019287109375,751.8685302734375,722.5849609375,761.9566040039062,659.5910034179688,784.2022705078125,723.101318359375,819.38134765625
1754.8201904296875,320.49383544921875,1758.02099609375,317.57916259765625,1752.783447265625,317.2876892089844,1762.385498046875,319.3279724121094,1750.1646728515625,314.9559631347656,1767.9140625,329.82073974609375,,,1760.0577392578125,341.18792724609375,1736.77978515625,346.1428527832031,1743.76318359375,329.2378234863281,,,1760.9306640625,356.34417724609375,1749.291748046875,356.6356201171875,,,,,,,,
1755.547119140625,320.6309509277344,1758.454833984375,317.71783447265625,1753.220947265625,317.71783447265625,1762.525634765625,318.8830871582031,1750.313232421875,315.0960388183594,1767.759521484375,329.9529113769531,1747.405517578125,329.3702697753906,1760.199462890625,341.022705078125,1737.228515625,345.9749755859375,1743.62548828125,329.3702697753906,,,1760.781005859375,356.4621887207031,1747.6962890625,356.4621887207031,,,,,,,,
,,,,,,1908.1143798828125,456.48956298828125,1918.7645263671875,456.48956298828125,1902.332763671875,466.8228759765625,,,1885.901123046875,471.0777587890625,,,1882.2496337890625,456.48956298828125,,,1906.5928955078125,499.0384826660156,,,,,,,,,,
713.304443359375,645.3054809570312,713.0413208007812,639.2374877929688,713.0413208007812,641.3480834960938,706.98876953125,638.7098388671875,707.251953125,638.18212890625,700.409912109375,654.80322265625,694.357421875,654.80322265625,,,687.5154418945312,685.6708984375,713.0413208007812,688.3092041015625,718.3043823242188,688.8368530273438,677.515625,703.3472900390625,666.463134765625,703.8749389648438,712.2518310546875,741.074462890625,710.1466064453125,740.5468139648438,656.7264404296875,770.0953979492188,676.1998291015625,775.8995361328125
712.630859375,643.5318603515625,712.8995361328125,640.3067016601562,711.2874755859375,640.0379028320312,700.540283203125,636.0064697265625,705.3765258789062,637.08154296875,699.1968994140625,655.357421875,692.7485961914062,654.8198852539062,,,682.2701416015625,683.0399169921875,711.018798828125,689.759033203125,703.4957885742188,690.0277709960938,675.5531005859375,702.390869140625,664.2686157226562,703.4659423828125,682.00146484375,728.4608154296875,706.7199096679688,740.55517578125,650.5659790039062,765.81884765625,679.0459594726562,779.5257568359375
711.6707153320312,645.1699829101562,713.0257568359375,640.8334350585938,711.1287231445312,640.8334350585938,702.1857299804688,635.6837158203125,705.166748046875,637.3099365234375,697.3077392578125,653.8431396484375,692.15869140625,653.3010864257812,,,682.9447021484375,682.572998046875,713.2967529296875,689.3489379882812,703.5407104492188,689.8909912109375,674.814697265625,702.9007568359375,663.7036743164062,704.7979736328125,707.334716796875,741.1168212890625,705.166748046875,741.1168212890625,652.3216552734375,764.697021484375,677.795654296875,780.6881103515625
,,,,,,,,,,1901.050048828125,466.73223876953125,,,1886.004150390625,471.0552978515625,,,,,,,1907.191162109375,498.5376892089844,,,,,,,,,,
,,,,,,1907.349365234375,456.0771484375,1919.342529296875,456.0771484375,1901.5064697265625,466.5457763671875,,,1886.74560546875,471.47222900390625,,,1882.4404296875,459.4640808105469,,,1907.349365234375,498.8753967285156,,,,,,,,,,
,,,,,,1906.716796875,456.71417236328125,1918.1611328125,456.71417236328125,1900.8399658203125,466.2977294921875,1919.3983154296875,465.0611267089844,1886.921142578125,472.1715087890625,,,,,,,1907.026123046875,498.7581481933594,,,,,,,,,,
,,,,,,1906.5616455078125,455.16583251953125,1919.8455810546875,455.16583251953125,1901.0009765625,466.36724853515625,,,1886.4814453125,471.6568298339844,,,,,,,1907.1795654296875,499.0380859375,,,,,,,,,,
,,,,,,1906.8175048828125,457.27020263671875,,,1900.940185546875,466.55535888671875,,,1885.78271484375,470.8884582519531,,,,,,,1906.8175048828125,498.125,,,,,,,,,,
,,1905.898193359375,449.11688232421875,1906.8289794921875,449.11688232421875,1907.1392822265625,451.2907409667969,1918.92919921875,452.2223815917969,1900.3134765625,466.5078125,,,1885.4210205078125,470.8555603027344,,,,,,,1907.1392822265625,498.4947814941406,,,,,,,,,,
1904.018310546875,451.08636474609375,1904.638916015625,451.08636474609375,,,1906.8111572265625,451.08636474609375,1919.8448486328125,453.568359375,1900.29443359375,466.5989990234375,1919.8448486328125,463.80670166015625,1885.08837890625,470.63226318359375,,,,,,,1906.8111572265625,498.2447509765625,,,,,,,,,,
1863.911376953125,405.09283447265625,1869.8426513671875,402.5947265625,1869.530517578125,399.47210693359375,1870.467041015625,408.2154541015625,1883.8907470703125,406.3418884277344,1868.593994140625,423.2041015625,1888.26123046875,420.70599365234375,1845.1806640625,429.7616271972656,1885.139404296875,439.7540588378906,,,,,1868.9061279296875,462.23699951171875,1880.7689208984375,461.3002014160156,,,,,,,,
,,,,,,1905.7275390625,456.56292724609375,1918.0048828125,456.56292724609375,1900.509765625,466.3861083984375,,,1885.469970703125,471.2977294921875,,,1883.0145263671875,461.4745178222656,,,1907.5692138671875,498.3114929199219,,,,,,,,,,
,,,,,,1906.373779296875,458.4554138183594,,,1900.2496337890625,466.7215270996094,,,1885.5516357421875,471.0076599121094,,,1881.5709228515625,463.9661865234375,,,1906.9862060546875,498.25518798828125,,,,,,,,,,
,,,,,,1906.4752197265625,458.12396240234375,,,1900.0927734375,466.6829528808594,,,1885.5042724609375,471.26812744140625,,,1881.55322265625,465.154541015625,,,1907.0831298828125,498.7791748046875,,,,,,,,,,
,,,,,,1906.1134033203125,457.795654296875,,,1900.3145751953125,466.37176513671875,,,1885.9700927734375,471.27239990234375,,,1882.9180908203125,457.795654296875,,,1907.334228515625,498.225830078125,,,,,,,,,,
,,,,,,1905.1634521484375,455.470703125,1918.0115966796875,455.470703125,1899.6572265625,466.48834228515625,,,1886.503173828125,471.69110107421875,,,,,,,1907.3048095703125,498.6231689453125,,,,,,,,,,
,,,,,,1906.04736328125,456.83709716796875,1918.3134765625,456.83709716796875,1899.914306640625,466.39990234375,,,1885.8082275390625,471.3355712890625,,,,,,,1906.96728515625,498.79010009765625,,,,,,,,,,
,,,,,,1906.3642578125,457.5966491699219,1919.8468017578125,457.5966491699219,1899.929443359375,466.5079650878906,,,1885.527587890625,471.11724853515625,,,,,,,1906.97705078125,498.7731018066406,,,,,,,,,,
,,,,,,,,,,1899.8670654296875,466.53350830078125,,,1885.7742919921875,471.15679931640625,,,,,,,1906.913330078125,498.58831787109375,,,,,,,,,,
,,,,,,1906.2158203125,458.0740966796875,,,1899.424072265625,466.75506591796875,,,1886.7667236328125,471.71563720703125,,,,,,,1907.45068359375,498.688720703125,,,,,,,,,,
,,,,,,1904.7205810546875,455.59893798828125,1919.7452392578125,455.59893798828125,1899.71240234375,466.3070068359375,,,1885.3138427734375,470.71624755859375,,,,,,,1907.2247314453125,498.4313049316406,,,,,,,,,,
,,,,,,,,,,1899.8603515625,466.28497314453125,,,1885.3692626953125,471.0059814453125,,,,,,,1907.10595703125,497.75836181640625,,,,,,,,,,
726.6284790039062,578.0630493164062,706.6141357421875,573.7491455078125,725.6151123046875,574.2566528320312,707.880859375,574.0029296875,725.3617553710938,575.5254516601562,696.733642578125,590.7510986328125,730.9353637695312,594.0499877929688,690.4000244140625,617.1421508789062,744.6160888671875,610.2906494140625,704.8406982421875,621.2023315429688,,,698.7604370117188,649.3697509765625,722.0682373046875,649.6234741210938,692.9334716796875,685.4036865234375,738.7891235351562,676.7758178710938,681.279541015625,729.5579833984375,728.1485595703125,725.497802734375
741.1502685546875,566.3782348632812,739.4313354492188,563.6699829101562,738.940185546875,563.6699829101562,719.7864990234375,566.3782348632812,737.2213134765625,566.3782348632812,709.4729614257812,582.8741455078125,744.5880737304688,586.8134765625,698.6683349609375,596.6617431640625,755.6383056640625,614.6348876953125,691.0559692382812,617.0969848632812,758.83056640625,611.4342041015625,709.718505859375,639.255615234375,733.0467529296875,641.7177124023438,708.9818725585938,670.0315551757812,740.9046630859375,676.4329223632812,705.5440063476562,703.0233154296875,728.381103515625,726.1668701171875
731.5572509765625,565.5044555664062,734.899658203125,562.1650390625,741.1070556640625,558.5870971679688,722.2462158203125,560.972412109375,738.9583129882812,559.0641479492188,711.980224609375,578.8621215820312,746.3594360351562,579.5777587890625,703.8629150390625,592.4583740234375,747.5531005859375,606.0545654296875,718.90380859375,581.4859619140625,,,715.5614013671875,634.4396362304688,737.7646484375,634.4396362304688,717.4713745117188,657.5770263671875,743.2557373046875,674.7511596679688,717.7100830078125,699.0812377929688,728.45361328125,723.1727294921875
732.6297607421875,557.295166015625,735.4105834960938,553.34326171875,728.4584350585938,553.1107788085938,724.9822998046875,552.4133911132812,742.1310424804688,552.4133911132812,715.9445190429688,571.9405517578125,749.31494140625,572.870361328125,705.7479858398438,585.656005859375,758.5845336914062,603.3234252929688,,,754.1814575195312,612.8544921875,721.9697265625,628.4296875,743.9849243164062,628.4296875,730.5440673828125,651.2113647460938,742.8262329101562,674.2254638671875,731.7027587890625,694.4500122070312,730.3123168945312,719.7887573242188
731.8097534179688,558.2289428710938,734.991943359375,555.2713623046875,728.6275634765625,555.0438232421875,740.4471435546875,554.8163452148438,724.308837890625,555.0438232421875,716.5806884765625,572.5618896484375,750.2210083007812,574.3819580078125,706.3521728515625,585.9848022460938,757.94921875,603.5028686523438,,,753.4031982421875,614.4232177734375,721.80859375,627.8461303710938,743.6293334960938,627.8461303710938,732.4916381835938,670.3900146484375,742.7201538085938,674.485107421875,729.0821533203125,719.0765380859375,730.2186279296875,719.0765380859375
737.7537841796875,547.22509765625,740.4522094726562,544.299072265625,734.6056518554688,544.5241088867188,729.2088012695312,542.4984130859375,746.5236206054688,540.69775390625,724.71142578125,560.7297973632812,757.0924072265625,560.2796630859375,713.4680786132812,580.9869384765625,766.76171875,584.3631591796875,708.970703125,594.716796875,764.2882080078125,601.2440795898438,731.682373046875,614.7488403320312,753.2696533203125,614.0736083984375,742.7008666992188,651.211669921875,750.796142578125,654.5878295898438,,,744.2749633789062,689.0249633789062
739.4613647460938,539.2708129882812,741.228515625,535.9536743164062,736.14794921875,536.1748046875,734.159912109375,538.38623046875,748.9598388671875,535.5113525390625,728.4166259765625,557.4046020507812,761.3299560546875,557.4046020507812,719.5808715820312,577.749755859375,771.7119750976562,583.7206420898438,718.697265625,593.4509887695312,770.1657104492188,595.4412231445312,737.0315551757812,610.2578735351562,758.2374267578125,609.8155517578125,748.7389526367188,640.1122436523438,756.0284423828125,642.7659912109375,,,748.7389526367188,684.1197509765625
755.701416015625,534.7534790039062,755.0527954101562,531.7275390625,753.5394287109375,531.9436645507812,737.1083984375,534.9696044921875,750.0802612304688,531.9436645507812,730.1900634765625,556.1513671875,764.1331176757812,552.693115234375,726.2985229492188,583.1688232421875,774.9429931640625,577.9814453125,725.0013427734375,592.2467041015625,773.6458129882812,601.5407104492188,742.0809326171875,610.6185913085938,763.268310546875,610.6185913085938,756.3499755859375,641.0942993164062,761.5387573242188,641.7427368164062,,,754.18798828125,676.541259765625
759.5953369140625,531.9216918945312,758.5409545898438,528.7547607421875,757.4865112304688,528.9658813476562,741.67041015625,532.7662353515625,752.84716796875,531.288330078125,733.6569213867188,552.823486328125,766.3435668945312,550.0787963867188,728.806640625,565.702392578125,777.520263671875,577.525634765625,736.8201293945312,544.1671752929688,773.3026123046875,595.4715576171875,744.8336181640625,606.87255859375,767.6088256835938,605.1835327148438,755.7994384765625,635.375,769.5067749023438,634.530517578125,760.4388427734375,662.3995361328125,768.241455078125,660.7105102539062
740.23681640625,526.6657104492188,742.3075561523438,523.1371459960938,763.014892578125,523.1371459960938,745.6207275390625,525.83544921875,761.1512451171875,524.1749877929688,741.6863403320312,544.515869140625,771.9190673828125,541.8175659179688,731.953857421875,558.6299438476562,781.2373657226562,572.7440185546875,,,775.6463623046875,584.7825317382812,749.96923828125,599.7268676757812,770.8836669921875,599.1041259765625,755.974365234375,624.426513671875,775.025146484375,624.426513671875,763.6361083984375,662.4099731445312,770.055419921875,651.4093017578125
760.4310302734375,519.7085571289062,765.7769775390625,515.7903442382812,766.1881713867188,515.99658203125,749.9447021484375,518.8836669921875,765.1600952148438,516.8214721679688,743.3650512695312,538.8871459960938,775.85205078125,537.8560180664062,739.2528076171875,566.5208129882812,786.5439453125,566.72705078125,,,783.254150390625,572.7074584960938,752.2064208984375,591.0611572265625,774.0015258789062,591.267333984375,758.5804443359375,622.6129760742188,780.3755493164062,613.95166015625,765.1600952148438,663.6510009765625,778.7305908203125,640.9666748046875
762.16015625,513.3129272460938,765.234130859375,509.6279602050781,771.7918701171875,508.399658203125,754.372802734375,511.6751708984375,770.97216796875,510.44683837890625,745.3558959960938,532.351806640625,780.1939697265625,530.3046264648438,742.6917724609375,557.7369995117188,789.82568359375,559.9889526367188,754.9876098632812,561.0125122070312,781.423583984375,570.0202026367188,755.8073120117188,583.5316772460938,777.1200561523438,581.0750732421875,760.7256469726562,619.7669677734375,785.5221557617188,604.2083129882812,765.4390258789062,656.8212280273438,784.087646484375,640.8530883789062
777.2828979492188,504.98577880859375,774.7996215820312,501.054443359375,774.5927124023438,501.6752014160156,757.830810546875,504.98577880859375,774.7996215820312,503.7442932128906,749.1394653320312,524.4354858398438,785.146484375,523.8147583007812,745.4146118164062,547.609619140625,794.0447387695312,554.0238647460938,,,788.0435791015625,561.058837890625,759.6932373046875,574.9219360351562,781.0077514648438,573.8873901367188,762.3834228515625,617.7526245117188,788.4574584960938,584.6467895507812,765.6943969726562,658.7211303710938,,
782.539306640625,500.5442810058594,780.0381469726562,494.9146423339844,779.6212768554688,495.5401611328125,763.9888916015625,498.459228515625,779.6212768554688,496.5826721191406,752.5250854492188,517.8502197265625,789.6260375976562,518.6842041015625,750.2323608398438,541.8282470703125,796.5042724609375,547.0408935546875,758.1527709960938,509.09295654296875,793.3778076171875,559.7597045898438,762.9467163085938,567.2659301757812,785.04052734375,566.223388671875,763.572021484375,607.9244384765625,794.0031127929688,584.9888305664062,764.8225708007812,649.833984375,796.08740234375,632.7365112304688
785.545654296875,496.03997802734375,764.8623046875,492.6914367675781,784.5010375976562,492.6914367675781,768.6229248046875,492.6914367675781,783.874267578125,492.6914367675781,758.5946044921875,511.73614501953125,792.4401245117188,512.1547241210938,750.2376708984375,527.2230224609375,799.75244140625,539.9892578125,760.683837890625,505.03912353515625,796.40966796875,553.174072265625,766.7426147460938,561.3360595703125,788.4705810546875,559.87109375,765.9069213867188,600.2625732421875,796.2007446289062,587.2870483398438,764.026611328125,643.1654052734375,801.2149047851562,619.9351196289062
775.8212890625,493.2562561035156,778.7360229492188,489.91949462890625,772.9066162109375,489.91949462890625,771.657470703125,490.7536926269531,787.8964233398438,489.91949462890625,760.83154296875,508.48016357421875,794.9749755859375,508.48016357421875,753.5447998046875,522.4527587890625,801.8452758789062,537.4680786132812,769.5755615234375,503.2664794921875,796.6405029296875,546.8526611328125,771.0328979492188,558.1141967773438,792.684814453125,557.280029296875,770.6165161132812,592.1072387695312,798.3060302734375,582.3056030273438,765.828125,634.8592529296875,806.4254760742188,609.833740234375
1786.962890625,356.3342590332031,1789.996826171875,353.6099853515625,1785.749267578125,352.701904296875,1795.76123046875,354.21539306640625,1789.3900146484375,354.21539306640625,1797.2781982421875,370.25823974609375,1783.62548828125,370.25823974609375,1812.14453125,386.60382080078125,1779.0745849609375,387.8145751953125,1800.9189453125,395.98736572265625,,,1800.312255859375,402.9493713378906,,,,,,,,,,
,,,,,,,,,,,,,,1757.4390869140625,341.3229675292969,1743.6602783203125,350.298583984375,1743.6602783203125,329.6546936035156,1743.3607177734375,329.6546936035156,1765.826171875,357.77825927734375,1753.5450439453125,359.87255859375,,,,,,,,
,,,,,,1751.27587890625,322.3114013671875,1752.7603759765625,325.56976318359375,1768.7935791015625,331.7903137207031,,,1757.510986328125,341.26922607421875,1743.85302734375,349.5632629394531,1742.9622802734375,328.8281555175781,1742.9622802734375,330.01300048828125,1765.824462890625,359.04217529296875,1753.354248046875,359.04217529296875,,,,,,,,
802.7484741210938,483.4201965332031,801.9404907226562,480.1795959472656,801.1324462890625,480.1795959472656,784.9722900390625,483.01513671875,796.284423828125,482.2049865722656,774.8721923828125,501.6486511230469,806.9905395507812,502.6613464355469,766.7921142578125,515.4212646484375,812.8485717773438,527.3709716796875,772.044189453125,497.597900390625,814.8685913085938,541.3461303710938,783.7603149414062,550.6629028320312,804.364501953125,550.4603271484375,783.7603149414062,580.6385498046875,803.7584838867188,578.41064453125,782.5482788085938,611.626953125,804.364501953125,611.8294677734375
803.3948974609375,479.3118896484375,803.5960083007812,476.0906982421875,801.58447265625,476.0906982421875,786.296875,478.90924072265625,799.7741088867188,478.3052673339844,776.4404296875,496.62591552734375,810.4352416992188,498.84051513671875,769.6011962890625,521.3890380859375,816.4697875976562,523.6036376953125,,,815.4640502929688,537.0924682617188,786.498046875,544.7428588867188,806.6133422851562,544.9442138671875,788.3084106445312,576.9550170898438,804.601806640625,576.753662109375,786.69921875,608.7645263671875,805.2052612304688,611.784423828125
807.1575927734375,469.43121337890625,807.1575927734375,466.2099304199219,806.3523559570312,466.2099304199219,790.2479858398438,468.62591552734375,805.14453125,467.0152587890625,779.3775024414062,487.551025390625,810.3784790039062,486.947021484375,773.3383178710938,513.9253540039062,819.0346069335938,505.6707763671875,781.189208984375,508.0867614746094,819.0346069335938,507.4827880859375,790.4492797851562,536.2730712890625,809.975830078125,535.2664184570312,793.267578125,567.4793701171875,807.1575927734375,570.4993286132812,793.267578125,598.0816650390625,804.1380004882812,608.3495483398438
808.3206787109375,466.2762756347656,808.9241333007812,462.05181884765625,806.9127197265625,462.05181884765625,792.2293090820312,464.2646179199219,807.1138305664062,464.0634765625,780.7642211914062,482.972900390625,813.3492431640625,484.58221435546875,774.52880859375,509.52655029296875,823.0040283203125,509.32537841796875,781.7699584960938,508.118408203125,821.7971801757812,506.71026611328125,791.2236328125,534.068603515625,811.1366577148438,533.263916015625,795.2464599609375,569.4734497070312,809.326416015625,565.4501953125,796.6544189453125,596.0271606445312,804.9012451171875,605.8841552734375
808.8985595703125,465.46124267578125,809.5023803710938,462.2425537109375,807.8921508789062,462.2425537109375,792.1920166015625,464.85772705078125,806.6844482421875,464.65655517578125,781.32275390625,483.16400146484375,813.528076171875,483.96868896484375,774.680419921875,509.11468505859375,823.1896362304688,511.1263732910156,775.6868286132812,480.75,822.1832275390625,507.10302734375,790.7830810546875,533.2548828125,810.7100830078125,532.4501953125,794.4061279296875,570.873291015625,810.7100830078125,556.38916015625,796.0164184570312,595.616943359375,804.26904296875,596.823974609375
811.3500366210938,463.0263366699219,811.3500366210938,460.0086975097656,810.5460815429688,460.0086975097656,793.0601196289062,462.42279052734375,809.3401489257812,462.02044677734375,783.4126586914062,480.327392578125,816.1737670898438,481.5344543457031,773.5642700195312,500.2437438964844,825.419189453125,505.67547607421875,776.7800903320312,478.5168151855469,824.2133178710938,502.2554931640625,793.0601196289062,530.6212158203125,812.7569580078125,530.2188720703125,795.0700073242188,553.7564086914062,811.551025390625,558.5845947265625,796.2759399414062,579.5068359375,807.1292724609375,594.997314453125
814.8043823242188,462.67010498046875,813.3944091796875,458.8483581542969,814.8043823242188,458.8483581542969,796.474609375,459.04949951171875,812.3872680664062,459.6529235839844,786.80615234375,476.95135498046875,819.840087890625,479.7673645019531,779.3533935546875,491.03143310546875,829.30712890625,501.289794921875,780.5618896484375,516.7778930664062,827.6956787109375,517.38134765625,796.474609375,524.22021484375,815.610107421875,523.8179321289062,799.4959716796875,552.78271484375,815.610107421875,554.7941284179688,800.906005859375,580.7417602539062,809.1644287109375,587.7817993164062
811.21728515625,461.89520263671875,813.633056640625,458.67572021484375,808.1975708007812,458.4745178222656,798.5345458984375,458.876953125,813.633056640625,460.084228515625,788.267578125,476.1815490722656,820.6790161132812,478.9985656738281,779.6111450195312,488.05328369140625,830.5433349609375,499.3214111328125,787.0596923828125,503.3457336425781,828.3289184570312,481.2119445800781,798.333251953125,523.6685791015625,816.8540649414062,523.4673461914062,801.3529663085938,549.2230224609375,818.8671875,550.0278930664062,802.5608520507812,579.0030517578125,812.0225219726562,579.2042236328125
1905.2568359375,452.1298522949219,1906.49755859375,449.94927978515625,1905.5670166015625,449.0147705078125,1908.35888671875,452.1298522949219,1917.6651611328125,452.1298522949219,1901.2239990234375,466.7708740234375,,,1885.4033203125,470.82049560546875,,,1883.23193359375,454.6219482421875,,,1906.807861328125,499.791015625,,,,,,,,,,
1905.257080078125,451.9586181640625,1906.497314453125,450.0851135253906,1905.877197265625,449.14837646484375,1908.357421875,452.2708740234375,1917.6585693359375,451.9586181640625,1901.2266845703125,466.9466552734375,,,1885.414794921875,471.00592041015625,,,1883.24462890625,454.76885986328125,,,1906.8072509765625,499.73297119140625,,,,,,,,,,
818.527099609375,458.9936828613281,821.3468017578125,454.9706115722656,815.1032104492188,455.1717834472656,804.83154296875,454.3671569824219,820.5411376953125,455.97637939453125,794.1570434570312,470.2582702636719,826.7847290039062,475.0859680175781,786.5036010742188,484.3390197753906,833.0283203125,498.62091064453125,789.927490234375,495.6036071777344,836.0493774414062,476.4940490722656,804.630126953125,518.5350952148438,823.159423828125,521.150146484375,808.0540161132812,546.0931396484375,829.8058471679688,543.0758056640625,805.4357299804688,579.8869018554688,813.0891723632812,577.07080078125
817.5965576171875,455.742919921875,820.8203735351562,452.7248840332031,814.3727416992188,452.7248840332031,807.5221557617188,450.712890625,824.044189453125,452.7248840332031,797.2462768554688,467.0101623535156,829.2828369140625,472.24139404296875,789.3882446289062,481.69781494140625,836.7379150390625,495.3794860839844,799.462646484375,489.34344482421875,836.1334228515625,475.2593994140625,806.7162475585938,515.09716796875,825.0516357421875,517.7127685546875,810.343017578125,543.466552734375,833.9170532226562,537.2293090820312,806.5147705078125,576.8658447265625,813.9697875976562,577.268310546875
830.5046997070312,451.0810241699219,830.1027221679688,446.6519775390625,829.7007446289062,447.457275390625,810.8071899414062,448.06121826171875,826.2838134765625,449.0678405761719,800.1544189453125,462.75762939453125,830.5046997070312,468.7972412109375,791.3106079101562,482.8896789550781,837.9415283203125,493.9623107910156,813.62109375,491.5464782714844,837.9415283203125,513.6917114257812,808.59619140625,511.67852783203125,826.8868408203125,511.8798522949219,809.19921875,545.9030151367188,838.946533203125,540.4674072265625,804.9783325195312,582.1407470703125,816.6360473632812,577.9129638671875
