nose_x,left_eye_x,right_eye_x,left_ear_x,right_ear_x,left_shoulder_x,right_shoulder_x,left_elbow_x,right_elbow_x,left_wrist_x,right_wrist_x,left_hip_x,right_hip_x,left_knee_x,right_knee_x,left_ankle_x,right_ankle_x,nose_y,left_eye_y,right_eye_y,left_ear_y,right_ear_y,left_shoulder_y,right_shoulder_y,left_elbow_y,right_elbow_y,left_wrist_y,right_wrist_y,left_hip_y,right_hip_y,left_knee_y,right_knee_y,left_ankle_y,right_ankle_y
679.4891128540039,665.9102935791016,677.1832733154297,655.918327331543,671.8029861450195,640.0336532592773,670.5219650268555,623.8927879333496,,,,623.6365852355957,645.4139404296875,,,,,754.0542297363281,743.8022384643555,748.9282302856445,745.5963363647461,751.2349319458008,764.8188095092773,781.2219772338867,790.1924667358398,,,,835.8137817382812,838.8893890380859,,,,
661.4883499145508,667.8188247680664,661.4883499145508,655.6100616455078,674.149284362793,669.1753387451172,638.2012939453125,623.7316627502441,622.3751373291016,,,623.7316627502441,625.9925384521484,,,,,746.2291641235352,742.609920501709,741.9313125610352,745.0981483459473,750.0746078491211,777.6713333129883,763.6467590332031,790.7910842895508,789.6600723266602,,,838.2936401367188,837.6150360107422,,,,
643.2530670166016,647.3123626708984,660.1312103271484,639.1937637329102,655.2173233032227,622.3156280517578,653.0808486938477,610.9923133850098,,,,605.6511268615723,624.0248031616211,,,,,749.0033264160156,746.2246894836426,749.6445465087891,747.0796508789062,753.2781448364258,765.8888702392578,781.7057189941406,792.3927764892578,,,,834.9272613525391,839.4158325195312,,,,
644.9426651000977,643.7007141113281,641.9619903564453,623.5811614990234,636.2490234375,610.6649017333984,635.2554702758789,599.7357559204102,,660.0944213867188,,589.8001708984375,610.9132843017578,,623.3327713012695,,,761.0999145507812,754.1317825317383,754.8783645629883,750.1499862670898,755.6249465942383,767.3214645385742,782.9997787475586,792.7053909301758,,812.6143646240234,,839.2425994873047,841.9800872802734,,870.5991973876953,,
628.7030029296875,627.2547073364258,625.5650329589844,606.25439453125,619.0476913452148,592.4955749511719,614.7027969360352,,622.185661315918,647.2894897460938,646.3239440917969,573.4263381958008,593.2197341918945,,603.5991897583008,,,765.2851409912109,760.9445648193359,760.7034225463867,756.1217041015625,760.9445648193359,773.0017166137695,787.7114562988281,,806.2794723510742,813.9960479736328,816.889762878418,843.8977966308594,849.444091796875,,893.8144226074219,,
613.5548858642578,611.522331237793,608.5864181518555,589.8417129516602,604.2954559326172,579.4530868530273,594.810188293457,,595.0360260009766,,625.0727081298828,558.2241477966309,572.9037322998047,,586.9057998657227,,,771.8736801147461,768.9334487915039,768.9334487915039,766.8979034423828,769.6119613647461,779.7897033691406,791.7768096923828,,826.1549377441406,,826.8334503173828,848.5459594726562,854.4264221191406,,886.7689971923828,,
589.936767578125,590.4358673095703,586.6926956176758,574.2154693603516,576.2118225097656,565.73095703125,576.4613723754883,,570.9713897705078,,598.1717376708984,543.0224075317383,557.2464447021484,,570.9713897705078,,,782.9833984375,777.2360076904297,777.2360076904297,774.7371444702148,775.4868087768555,792.2292022705078,801.2251129150391,,837.2087707519531,,838.7080688476562,851.4522857666016,860.1983032226562,,894.6826477050781,,
590.1101608276367,589.8607025146484,588.3639450073242,573.6458358764648,589.6112442016602,566.411506652832,576.1404266357422,,571.151237487793,,598.5917816162109,542.2139358520508,556.1836700439453,,571.6501617431641,,,782.9376068115234,776.9464416503906,779.1931304931641,774.9493865966797,778.6938705444336,792.6732559204102,800.6614837646484,,837.1077423095703,,839.3544311523438,852.5849304199219,860.0738830566406,,895.0223388671875,,
577.9114761352539,577.197380065918,574.5790176391602,573.8649215698242,570.0563888549805,566.2478713989258,554.1082000732422,,549.347541809082,,581.0058975219727,,541.9685211181641,,561.9632797241211,,,789.117057800293,784.8239974975586,785.0625,787.9245376586914,787.4475326538086,807.0048141479492,806.5278015136719,,843.7343292236328,,845.1653594970703,,863.5301055908203,,894.5355529785156,,
,,,,,,,,,,,,,,,,,,,,,,,,,,,,,,,,,
,,,,,,,,,,,,,,,,,,,,,,,,,,,,,,,,,
526.3997421264648,526.3997421264648,523.0608978271484,506.84366607666016,522.8224105834961,,505.88970947265625,,490.86492919921875,,529.9770736694336,,,,544.7633666992188,,,795.2359924316406,791.4182434082031,791.656852722168,791.656852722168,794.2815628051758,,823.6305313110352,,864.67138671875,,874.9316101074219,,,,907.1438903808594,,
511.90704345703125,510.61356353759766,509.8374786376953,492.76353454589844,505.1809387207031,,494.31571197509766,,478.5352554321289,,486.03743743896484,,,,,,478.5352554321289,795.6561965942383,790.4836883544922,790.4836883544922,789.7078247070312,795.3975677490234,,818.6738128662109,,860.8296661376953,,884.3645477294922,,,,,,882.5541839599609
511.84230041503906,510.5568389892578,509.27136993408203,491.2748107910156,506.70042419433594,,495.6454086303711,,484.0761947631836,,486.13294982910156,,,,,,479.19141387939453,796.5641250610352,791.1649322509766,791.4220428466797,791.1649322509766,795.7928009033203,,816.6182250976562,,833.072883605957,,885.2649841308594,,,,,,883.7223510742188
495.8223419189453,494.7739486694336,493.9352111816406,472.7574234008789,489.95127868652344,466.6766815185547,475.27359771728516,,473.8058395385742,491.8384094238281,480.0962600708008,,449.06346893310547,,,,,790.1151351928711,785.4983749389648,785.7082290649414,785.7082290649414,788.4363174438477,803.7555618286133,815.9270248413086,,859.7862396240234,882.2404937744141,879.3025360107422,,862.7241821289062,,,,
477.68375396728516,478.1177978515625,472.69219970703125,477.90077209472656,463.5771942138672,475.0794677734375,448.1685028076172,477.68375396728516,,,,436.23219299316406,439.05350494384766,,,,,781.1123962402344,775.8962020874023,777.2002487182617,775.6788635253906,777.6349334716797,801.3251571655273,791.9794769287109,840.8813171386719,,,,853.4871215820312,853.0524444580078,,,,
462.2477798461914,462.9359588623047,459.4950408935547,440.2259063720703,457.8892822265625,428.2973861694336,459.0362548828125,417.5158462524414,474.1763000488281,411.5515823364258,460.8714065551758,428.0679931640625,453.7601776123047,,468.6708297729492,421.8743362426758,,770.7134170532227,765.8803634643555,766.1105117797852,766.3406600952148,767.9516754150391,776.9273452758789,789.1250457763672,776.4670562744141,803.8543472290039,787.0537414550781,784.5221328735352,843.8996429443359,846.2010955810547,,893.1507415771484,893.1507415771484,
436.79344940185547,440.2375946044922,432.8572769165039,424.7389373779297,448.6019515991211,415.88255310058594,457.70433044433594,395.463680267334,478.615234375,,,419.3266906738281,447.61791229248047,452.7841262817383,417.3586196899414,,,763.8405227661133,761.1325531005859,760.8863677978516,758.6707611083984,758.6707611083984,778.8574371337891,781.8115921020508,779.842155456543,806.1833190917969,,,844.8334197998047,844.8334197998047,883.4835357666016,883.4835357666016,,
438.4007568359375,436.4684295654297,436.70996856689453,410.6235046386719,435.01918029785156,400.47876739501953,444.92236328125,388.16016387939453,465.2118377685547,390.09249114990234,,411.8312072753906,437.9176712036133,407.7250061035156,440.3330841064453,,,756.6296920776367,754.2182083129883,753.97705078125,756.1473999023438,756.6296920776367,777.8508148193359,775.1981811523438,779.7800064086914,772.3043899536133,772.0632476806641,,846.8194732666016,844.4079895019531,863.2176208496094,878.4100189208984,,
437.2362976074219,435.3692321777344,437.2362976074219,412.03096771240234,434.9024658203125,401.99552154541016,444.9379196166992,378.4238815307617,462.67498779296875,390.3263969421387,,411.33082580566406,437.4696731567383,,439.8034973144531,,,757.896598815918,754.6246871948242,754.1572723388672,756.2606506347656,756.7280578613281,778.4629440307617,775.658447265625,792.9528656005859,771.4516906738281,773.0876541137695,,844.6024322509766,843.4338836669922,,877.087890625,,
424.65514373779297,424.1680603027344,418.566650390625,400.7882385253906,425.87284088134766,386.1758575439453,434.15319061279297,370.8328437805176,443.894775390625,390.31602478027344,443.6512451171875,403.46717834472656,431.47425842285156,,431.9613342285156,,431.7177963256836,763.3302459716797,760.8921813964844,762.3550186157227,756.2598571777344,754.7970123291016,779.1776885986328,773.8139343261719,789.9051742553711,760.4045639038086,768.9378051757812,760.8921813964844,845.980712890625,844.0302581787109,,874.0184631347656,,871.0928039550781
410.68186950683594,416.7684860229492,406.29949951171875,431.1329040527344,393.6393356323242,424.0724182128906,378.7879943847656,353.95459747314453,363.6931838989258,,354.6849899291992,,,,391.20469665527344,,424.3158874511719,772.088623046875,765.9908752441406,765.9908752441406,766.2347869873047,762.8200454711914,771.8447113037109,779.1620025634766,807.9433517456055,794.0404968261719,,805.5042495727539,,,,849.1641082763672,,875.262451171875
381.86549377441406,385.3475646972656,372.66285705566406,378.88084411621094,379.1295700073242,369.4294967651367,370.92181396484375,354.75502014160156,,,,390.32196044921875,419.6708984375,377.3885269165039,377.63724517822266,,,746.3034057617188,741.0820236206055,737.8497428894043,757.74072265625,760.724365234375,781.1126174926758,780.8639831542969,798.0199432373047,,,,838.7964324951172,839.0450744628906,849.9851226806641,849.9851226806641,,
365.4960174560547,365.2251663208008,396.3735046386719,366.5794372558594,387.9770050048828,360.3497772216797,406.1242980957031,347.89044189453125,,,,378.22621154785156,406.3951416015625,413.4373779296875,366.30858612060547,,,766.7082595825195,762.6411056518555,762.6411056518555,763.7256851196289,763.996826171875,784.6036911010742,781.8922653198242,808.1931381225586,,,,839.9168701171875,840.1880187988281,873.8097534179688,857.5411834716797,,
385.0420455932617,357.6925582885742,384.32232666015625,357.6925582885742,379.524169921875,350.2554168701172,394.8782653808594,341.13891983032227,341.13891983032227,338.26002502441406,335.1412239074707,368.7283172607422,397.03743743896484,408.07320404052734,353.61412811279297,,,770.846321105957,771.0862197875977,765.5685043334961,767.7276153564453,770.1266174316406,789.5585784912109,783.5610580444336,812.5890426635742,813.5486450195312,800.1142120361328,802.9930114746094,842.8165283203125,842.5766296386719,879.2814331054688,862.0085754394531,,
383.93983459472656,384.1783981323242,382.26988220214844,379.40711212158203,379.40711212158203,393.95953369140625,349.1094665527344,341.47541427612305,340.7597236633301,,335.2727470397949,368.43316650390625,367.24034881591797,408.5119400024414,353.40362548828125,,,771.3435211181641,765.8592910766602,767.0515213012695,770.6281890869141,770.3897399902344,783.5041885375977,791.3728637695312,812.1175384521484,814.2635498046875,,806.6333236694336,843.3537750244141,843.3537750244141,880.3126983642578,864.0984649658203,,
372.9915466308594,372.9915466308594,372.28050231933594,351.42334747314453,371.56946563720703,342.89087677001953,383.42012786865234,339.33567810058594,391.715576171875,337.91360092163086,,356.40062713623047,385.31622314453125,344.3129577636719,400.95909118652344,,,771.6397933959961,767.6029205322266,767.8403930664062,769.7400970458984,769.2651672363281,791.5866928100586,787.7872848510742,815.3329925537109,819.1324005126953,790.6368408203125,,850.9524536132812,848.5778198242188,871.6117401123047,881.8226470947266,,
338.24047088623047,339.9477844238281,364.5818862915039,342.8746032714844,364.0940704345703,339.45997619628906,375.06966400146484,328.72829818725586,380.9233093261719,329.21610260009766,377.9964828491211,346.2892379760742,374.3379592895508,331.8990173339844,392.1427993774414,,,784.830078125,780.9281616210938,775.3191680908203,780.9281616210938,777.7578659057617,799.2183837890625,795.5603408813477,834.0917358398438,832.3846435546875,806.5344696044922,790.6829528808594,855.5522613525391,855.3083801269531,877.9882507324219,883.1095123291016,,
357.9410400390625,341.51568603515625,356.06385803222656,333.3030014038086,355.3599090576172,330.7218780517578,368.7348403930664,324.3863754272461,,324.1517333984375,,334.7108917236328,363.3379440307617,323.9170837402344,385.3948516845703,,,787.4988174438477,792.6690216064453,783.7386703491211,785.6187438964844,785.6187438964844,803.2444458007812,802.3044128417969,842.4910202026367,,859.4116973876953,,866.4619750976562,864.1118774414062,891.3729705810547,892.7830352783203,,
323.7133331298828,327.10457611083984,348.80853271484375,335.6957244873047,350.39110565185547,361.4691696166992,328.9132385253906,,,,314.44394302368164,353.1041030883789,324.84375,,314.6700248718262,,,790.850944519043,786.3321380615234,792.2065734863281,792.2065734863281,791.7546997070312,809.6039733886719,810.7336730957031,,,,817.0600051879883,870.6078338623047,870.8337860107422,,897.0428466796875,,
319.7953872680664,322.0764389038086,324.3574981689453,323.67317962646484,344.43077850341797,318.6548614501953,358.80142974853516,309.53064346313477,309.53064346313477,303.59990310668945,304.28421783447266,321.16402435302734,318.6548614501953,,,,,799.3568649291992,794.7811584472656,799.3568649291992,795.2387313842773,797.2977981567383,819.0323944091797,816.2869720458984,859.9849700927734,859.9849700927734,829.0989456176758,830.0140914916992,881.9483489990234,881.9483489990234,,,,
318.8796920776367,321.57582092285156,346.29029083251953,323.8225860595703,344.7175521850586,317.9809875488281,359.7709197998047,306.52245712280273,357.97349548339844,302.92762756347656,,320.67711639404297,350.7838363647461,,,,,798.4677963256836,793.9662857055664,794.866584777832,796.6671905517578,796.8922653198242,819.8499145507812,816.4737854003906,839.2063674926758,845.958610534668,829.9782867431641,,881.2953948974609,881.0703125,,,,
319.85321044921875,322.1126251220703,320.75697326660156,322.5644989013672,343.12516021728516,314.20467376708984,359.16699981689453,306.52266693115234,357.3594665527344,,,318.27162170410156,349.45152282714844,,,,,800.0041351318359,795.9345779418945,796.1606597900391,798.4215240478516,798.4215240478516,823.0649719238281,818.9954147338867,857.4301452636719,846.8040618896484,,,883.6561889648438,883.2040100097656,,,,
320.4060516357422,321.52906036376953,343.9892044067383,324.2242736816406,345.56141662597656,316.8124313354492,360.16050720214844,309.62518310546875,369.8183822631836,,,319.7322463989258,351.17645263671875,,,,,798.0812149047852,793.8086395263672,800.1050720214844,797.8563461303711,793.35888671875,819.8938522338867,816.7456359863281,856.7729644775391,843.7303466796875,,,883.9825439453125,882.4084320068359,,,,
323.1062316894531,325.25492095947266,323.8224639892578,328.1198272705078,346.74176025390625,321.6737747192383,362.7375183105469,315.4664764404297,377.06207275390625,,371.8097381591797,324.7774353027344,353.42655181884766,,312.6015625,,,794.0196838378906,789.0085678100586,789.0085678100586,789.4858245849609,789.4858245849609,814.0641632080078,811.9165344238281,852.4827423095703,822.8932723999023,,809.2916641235352,879.6859588623047,880.4018249511719,,903.0711822509766,,
327.40111541748047,329.87499237060547,328.8854446411133,334.5753402709961,352.13980865478516,324.1850891113281,368.7147445678711,321.46382904052734,391.2269592285156,316.5160903930664,374.8994140625,330.1223678588867,357.3349380493164,,,,,787.8080444335938,783.3576507568359,783.6048889160156,785.3356018066406,786.324577331543,809.5655364990234,806.5986022949219,848.8773803710938,829.3450775146484,874.0962829589844,834.2899627685547,872.6128234863281,873.6017913818359,,,,
333.78834533691406,336.559326171875,336.559326171875,338.07076263427734,358.2233581542969,331.7730941772461,376.3606872558594,327.9944763183594,404.3223876953125,383.6659927368164,383.6659927368164,335.2997817993164,364.52103424072266,,386.43697357177734,,,780.2203826904297,775.1712188720703,777.9482498168945,777.4433441162109,777.69580078125,801.174430847168,798.6498413085938,842.0727081298828,823.6432266235352,829.1973190307617,829.4497756958008,865.0464019775391,864.7939605712891,,882.2135925292969,,
333.69620513916016,335.4718017578125,334.96448516845703,340.0376205444336,358.5545349121094,331.9206085205078,376.31048583984375,327.35479736328125,403.4517364501953,323.5499496459961,383.6665267944336,335.72545623779297,364.1349792480469,,324.05725860595703,,,779.1370315551758,774.5737457275391,775.5878067016602,776.8553924560547,776.8553924560547,801.699951171875,798.9112777709961,840.4879150390625,823.2488098144531,860.2621307373047,830.0937423706055,865.5859832763672,864.0648956298828,,891.9516448974609,,
345.838623046875,349.47090911865234,344.2819290161133,347.13587188720703,365.55674743652344,337.7957077026367,382.93982696533203,330.53113555908203,410.18194580078125,325.34215545654297,394.6150207519531,341.68743896484375,373.8591079711914,,392.7988739013672,,,781.9319763183594,777.2541198730469,776.7343521118164,772.3163757324219,772.0564880371094,798.8242416381836,793.1068649291992,838.5860443115234,817.5356826782227,859.3765258789062,825.5919952392578,862.7549896240234,863.2747497558594,,884.5850067138672,,
349.0396423339844,351.1146774291992,375.2369079589844,353.9678421020508,373.68062591552734,343.3333053588867,390.7996368408203,338.40511322021484,416.21876525878906,327.77058029174805,402.7310485839844,351.1146774291992,380.6838607788086,342.8145523071289,392.3559036254883,,390.7996368408203,772.8430099487305,768.9444427490234,767.1251220703125,769.9840621948242,769.4642486572266,796.2343521118164,790.7763671875,831.3213653564453,818.3261795043945,855.2325134277344,828.4624328613281,860.6905059814453,858.8711700439453,884.6016540527344,890.8393402099609,,890.0596313476562
383.4424514770508,356.8246841430664,383.1913375854492,360.08912658691406,382.6891174316406,352.55580139160156,399.26244354248047,340.50246810913086,398.7602233886719,334.2246894836426,415.8357696533203,359.08467864990234,386.4557800292969,354.0624542236328,392.73355865478516,,,771.7703170776367,766.9951705932617,768.2517929077148,770.765022277832,769.5084075927734,795.6460342407227,792.8814697265625,829.5746765136719,824.0455627441406,863.0006713867188,827.5640869140625,858.2255096435547,860.2361145019531,881.095947265625,894.1647491455078,,
365.8256607055664,367.82552337646484,366.07564544677734,369.8253860473633,390.82395935058594,361.32596588134766,410.3226318359375,348.82682037353516,424.5716552734375,339.0774803161621,,366.07564544677734,396.07360076904297,361.0759811401367,396.5735626220703,363.0758514404297,394.8236846923828,775.3340072631836,770.3419570922852,770.3419570922852,770.3419570922852,767.8459320068359,794.3037872314453,792.057373046875,813.7727813720703,823.5072708129883,844.2242736816406,,861.6964416503906,862.4452514648438,873.1781616210938,890.8999328613281,884.9094696044922,889.6519165039062
375.9439239501953,378.80145263671875,376.8964385986328,380.230224609375,401.1854934692383,370.2288513183594,417.8544464111328,355.22679138183594,430.2370910644531,348.7973327636719,,373.08638763427734,403.0905075073242,,405.23365783691406,372.6101303100586,,775.8688201904297,770.8519821166992,770.8519821166992,770.6130828857422,769.8963928222656,793.5471878051758,795.2194671630859,814.8090209960938,825.3204879760742,836.7875366210938,,860.9161376953125,863.0661926269531,,890.3004455566406,885.0447082519531,
376.1967315673828,379.07608795166016,377.6364059448242,380.9956512451172,401.87097930908203,370.67796325683594,417.9473876953125,354.60156631469727,431.8642578125,372.5975341796875,,373.07743072509766,403.0707092285156,,404.9902877807617,372.5975341796875,402.83077239990234,774.274658203125,770.9155044555664,770.9155044555664,771.6353225708008,770.9155044555664,794.1896438598633,795.3893356323242,814.3445739746094,824.4220275878906,787.4713363647461,,862.0925445556641,863.7721252441406,,888.4859008789062,884.8868103027344,888.9657897949219
387.11344146728516,391.69349670410156,388.55977630615234,389.76505279541016,412.9063262939453,378.67652130126953,425.2001266479492,362.52584075927734,436.5297088623047,376.9891357421875,,381.81024169921875,410.73683166503906,,,,382.0512924194336,773.2651062011719,769.8889579772949,769.1654968261719,776.8824157714844,774.9531860351562,797.1393356323242,800.515495300293,814.0201034545898,827.0424118041992,790.8693389892578,,863.4566345214844,865.1447143554688,,,,886.8485717773438
421.99537658691406,422.9195327758789,419.2228775024414,401.6637649536133,423.61265563964844,392.8842086791992,435.39574432373047,372.32157135009766,451.1065368652344,386.1840286254883,,389.6496353149414,420.609130859375,,,,,781.6214981079102,777.4574584960938,778.8454742431641,779.5394821166992,779.0768127441406,801.7477188110352,805.9117584228516,812.6204986572266,839.4554443359375,793.4196243286133,,869.7604217529297,860.5069885253906,,,,
436.83048248291016,437.06754302978516,433.74877166748047,413.8361282348633,433.9858169555664,401.7463073730469,442.5198059082031,374.2479019165039,461.7212829589844,,,398.4275360107422,428.53355407714844,,,,,784.7330780029297,781.4076156616211,781.882682800293,782.1202163696289,784.2580108642578,803.4981918334961,808.9614562988281,813.4745788574219,842.2160949707031,,,871.6702117919922,869.5324096679688,,,,
442.05928802490234,447.66861724853516,440.5294723510742,429.31082916259766,447.4136505126953,414.5226135253906,455.5726623535156,396.9297409057617,469.0860137939453,,,407.89341735839844,439.25463104248047,,,,,787.6443634033203,783.3137130737305,783.3137130737305,781.0210113525391,785.096923828125,799.3626022338867,809.2976226806641,811.3355712890625,840.3764038085938,,,868.6529998779297,869.6719970703125,,,,
466.1704406738281,466.41768646240234,466.1704406738281,445.8966751098633,464.93424224853516,431.3094482421875,470.6207809448242,415.4860153198242,485.7024841308594,434.0291061401367,,420.4308395385742,451.08873748779297,411.7773971557617,,,,785.7062454223633,781.5004577636719,781.9952621459961,780.7582626342773,783.72705078125,795.6022109985352,810.4461517333984,808.2195587158203,842.1132202148438,792.8808135986328,,869.0797119140625,869.3271179199219,891.5930328369141,,,
466.5006866455078,466.5006866455078,464.5513381958008,446.0325241088867,463.33299255371094,431.16873931884766,470.88671875,414.8429489135742,482.5828094482422,427.5137176513672,,420.4473190307617,452.1242370605469,410.2132453918457,,,,785.7363204956055,781.3489990234375,781.3489990234375,778.9115982055664,783.2989120483398,795.7296371459961,810.5977630615234,808.1603622436523,841.5526885986328,794.0234603881836,,869.8264923095703,870.3139801025391,892.4942779541016,,,
479.12139892578125,482.7620849609375,476.9369888305664,462.37425231933594,462.61695861816406,483.9756393432617,445.6270980834961,498.29566955566406,425.2392692565918,491.4997253417969,426.9382553100586,436.1613235473633,468.19934844970703,424.5111312866211,,,,782.5843200683594,777.7400665283203,777.7400665283203,775.3179473876953,775.5601577758789,805.8366928100586,794.937141418457,821.3382873535156,816.0096130371094,833.4488983154297,844.1062469482422,863.7254486083984,866.8742065429688,890.6110076904297,,,
484.2435989379883,489.1742630004883,481.89566802978516,478.1389694213867,478.1389694213867,501.38350677490234,462.6426315307617,,444.5635452270508,,434.7022285461426,483.0696334838867,480.7217102050781,438.6937141418457,439.6328887939453,,,772.9485626220703,770.8333282470703,769.1881523132324,773.4186096191406,772.7135314941406,804.9120254516602,794.1008605957031,,817.8384246826172,,845.8064575195312,863.6683959960938,866.9587554931641,889.9912567138672,887.1709442138672,,
507.15232849121094,510.74683380126953,501.4011001586914,490.1383056640625,510.98646545410156,478.8755111694336,478.396240234375,,461.3822250366211,,448.2023506164551,494.6913528442383,465.9352722167969,452.9950294494629,,,,788.0989608764648,783.0572052001953,785.4580535888672,775.6146240234375,778.2555389404297,793.3807983398438,793.1407165527344,,814.2680587768555,,838.7565612792969,864.2054138183594,861.8045806884766,887.7335968017578,,,
523.1425704956055,524.8998489379883,519.6280212402344,503.3104476928711,522.3894653320312,489.75431060791016,529.1675262451172,481.9720916748047,541.9705352783203,462.64204025268555,,482.2231216430664,510.08851623535156,468.66698455810547,511.3437194824219,,,775.3832473754883,771.8694305419922,771.8694305419922,769.6105422973633,773.1243667602539,790.693473815918,798.7250595092773,809.0155410766602,814.5372467041016,827.3375930786133,,856.7030944824219,860.2169189453125,886.319580078125,891.84130859375,,
536.011344909668,535.5235748291016,531.3774642944336,512.3541564941406,521.8658142089844,502.8425064086914,545.0352249145508,490.40419006347656,559.1807556152344,,557.9613037109375,497.4769592285156,524.548583984375,487.7214126586914,520.1585922241211,,,767.6443710327148,762.7674560546875,763.0112991333008,764.9620666503906,765.4497604370117,785.9327774047852,791.2973709106445,802.0265731811523,822.7534408569336,,811.2927017211914,852.9902648925781,855.9164123535156,876.3994445800781,893.2247772216797,,
536.0933990478516,535.595817565918,532.3615341186523,512.7069854736328,532.8591079711914,502.50653076171875,545.5474853515625,489.07177734375,558.7334442138672,476.38340759277344,,496.7843246459961,524.4001998901367,488.82298278808594,521.4146881103516,,,765.1748809814453,760.6984405517578,761.1958236694336,764.1801147460938,765.9209594726562,785.0701751708984,791.5361480712891,800.9864120483398,819.1408615112305,820.135627746582,,854.4550170898438,856.4445343017578,875.0963897705078,892.5047760009766,,
545.8540878295898,545.8540878295898,540.9765701293945,526.1117401123047,527.9698333740234,513.337272644043,558.3962860107422,571.6352691650391,571.4030151367188,569.5449066162109,553.983283996582,512.4082107543945,538.4216690063477,507.2984390258789,534.9377288818359,,,761.5295791625977,756.6463851928711,757.1114501953125,758.0415802001953,757.3439788818359,780.3647766113281,783.8527755737305,816.8725128173828,815.7098388671875,806.1759719848633,813.3845062255859,844.5439758300781,849.6596984863281,864.5418395996094,884.5397186279297,,
556.4694900512695,556.7028198242188,552.0360565185547,534.5356521606445,557.8695220947266,525.4354476928711,572.1031875610352,508.40172576904297,582.3700714111328,521.2353591918945,,528.7021865844727,557.6361846923828,,,,,756.2967147827148,752.3245849609375,752.7918853759766,753.2591934204102,753.2591934204102,774.2881317138672,777.3256454467773,791.5785903930664,805.3642272949219,788.0737686157227,,839.7114868164062,843.21630859375,,,,
569.6459426879883,568.6933746337891,565.3593902587891,546.7843017578125,569.6459426879883,537.4967498779297,583.9344787597656,520.1123657226562,592.98388671875,540.8307418823242,571.0747909545898,545.3554382324219,572.7417984008789,,,541.5451583862305,,747.2907257080078,743.4725112915039,744.4270629882812,747.0520858764648,746.3361740112305,768.529541015625,770.9159240722656,788.3365249633789,798.3593521118164,789.5297164916992,793.1092910766602,833.2005310058594,836.5414733886719,,,863.0303497314453,
584.6510848999023,583.9659118652344,578.9413604736328,562.7257385253906,583.5091400146484,552.9050140380859,596.7556991577148,,605.8912506103516,,,559.9850692749023,586.0214080810547,,,,,745.2458343505859,740.2130279541016,741.1280822753906,745.7033615112305,740.4417877197266,763.0894241333008,765.8345947265625,,793.2862701416016,,,825.5419769287109,828.0583801269531,,,,
585.6918106079102,590.8894958496094,581.6240539550781,597.8950729370117,597.8950729370117,566.2569808959961,610.0983352661133,619.8157501220703,620.7197036743164,,,597.8950729370117,572.8105850219727,,573.4885406494141,,,746.7172012329102,741.2851181030273,743.322151184082,740.3797836303711,739.0217590332031,759.8447113037109,763.0134201049805,795.8322219848633,795.1532135009766,,,827.2929840087891,829.3300018310547,,876.6343231201172,,
583.6540451049805,587.7477493286133,580.0151977539062,575.4666366577148,598.6642990112305,607.3065567016602,567.0518035888672,619.8151016235352,620.0425262451172,,,597.7545852661133,573.6472091674805,,,,573.874641418457,745.6938629150391,742.5085830688477,742.5085830688477,739.0957870483398,738.8682632446289,761.1652069091797,759.3450546264648,794.838134765625,794.6106185913086,,,827.8285064697266,827.6009826660156,,,,862.1840057373047
598.0346374511719,602.5217742919922,594.7939300537109,590.8053588867188,611.2467651367188,580.5846557617188,625.4560394287109,564.3810958862305,631.9374542236328,,618.4760437011719,585.8196487426758,613.2410507202148,,590.0574951171875,596.5389251708984,,743.4925765991211,740.2486343383789,740.2486343383789,739.0009613037109,739.0009613037109,758.7141723632812,765.7011413574219,775.1834487915039,795.3957366943359,,795.3957366943359,829.8314819335938,830.33056640625,,880.7365112304688,928.6470947265625,
611.8760452270508,616.1080093383789,608.8887786865234,606.1504440307617,626.3144989013672,596.4418334960938,635.7741775512695,582.0033760070801,647.7232437133789,597.9354629516602,646.9764251708984,599.1801605224609,625.0698089599609,601.1716690063477,,,,746.9729843139648,743.7354431152344,743.2373580932617,739.7507705688477,740.4978942871094,760.1721954345703,765.1530303955078,775.3637390136719,800.0188751220703,754.4442367553711,794.0418701171875,831.3981170654297,831.1490936279297,873.9842681884766,,,
643.5334930419922,642.7671661376953,641.4899520874023,621.3099899291992,640.2127380371094,609.8150787353516,647.6205749511719,597.298397064209,660.9035873413086,,666.7787628173828,612.6249465942383,639.1909713745117,617.9892425537109,,,,746.638313293457,742.5488967895508,742.5488967895508,743.3156585693359,745.3603668212891,763.5071868896484,767.5966033935547,780.1204605102539,785.743408203125,,807.4684600830078,835.0720672607422,832.5161743164062,886.1898345947266,,,
658.0854415893555,656.2567977905273,655.4730987548828,635.3581161499023,653.3832321166992,622.2964401245117,659.3916091918945,615.2431335449219,672.7145156860352,,676.6330184936523,625.6924819946289,653.3832321166992,631.4396133422852,669.5797119140625,634.0519561767578,,752.5423355102539,749.6702499389648,749.1480560302734,748.886962890625,749.6702499389648,767.9471588134766,773.6913299560547,785.7018661499023,786.4851684570312,,798.4957046508789,839.4881744384766,836.0939178466797,878.9140930175781,856.9817810058594,899.8019714355469,
661.0313110351562,664.3804092407227,656.286750793457,648.7512893676758,668.5667724609375,638.1458206176758,673.0322341918945,627.2612571716309,683.3586120605469,639.8203659057617,694.8013610839844,642.3321914672852,668.2876815795898,646.7976531982422,688.6613540649414,650.4258346557617,,764.3641128540039,761.0057144165039,760.7258453369141,755.1285095214844,757.0875778198242,774.439323425293,778.9172058105469,790.1118774414062,790.1118774414062,769.6815872192383,815.5797576904297,843.2866058349609,839.9282073974609,896.4613189697266,856.7201995849609,952.9944458007812,
664.6566467285156,666.8352661132812,658.3931198120117,648.3170166015625,669.8308715820312,637.6962585449219,670.9201736450195,625.1692047119141,682.3579177856445,646.6830520629883,,641.5088424682617,667.9245758056641,646.4107208251953,688.0767974853516,649.6786499023438,,764.5741806030273,760.2149124145508,760.2149124145508,755.5831909179688,755.3107376098633,773.2927093505859,778.4693374633789,789.9124069213867,789.6399612426758,802.9902038574219,,841.6786956787109,838.9541473388672,891.5377960205078,856.1187591552734,954.4747009277344,
680.5869140625,682.2710189819336,676.0959777832031,663.1845016479492,681.9903411865234,649.7116546630859,684.7971801757812,645.2207107543945,696.8666000366211,698.8313903808594,698.8313903808594,656.4480743408203,681.9903411865234,658.6935577392578,703.6030197143555,652.5185012817383,,766.2080612182617,760.8632507324219,763.1136932373047,759.175422668457,759.175422668457,778.0228805541992,782.8050765991211,800.8086166381836,796.307731628418,810.0916976928711,810.0916976928711,843.2857360839844,842.4418334960938,892.2328796386719,862.4145050048828,951.3070068359375,
693.4923400878906,694.9281234741211,690.9079360961914,674.2528915405273,693.2051849365234,661.0437088012695,693.4923400878906,657.3106842041016,708.7116088867188,701.8198623657227,752.9336242675781,669.9455490112305,695.5024261474609,673.1042556762695,726.5152740478516,664.4895858764648,,767.9743118286133,764.2372894287109,764.5247573852539,759.3504180908203,762.2250442504883,780.3352203369141,783.784782409668,804.7695846557617,796.7206115722656,809.0815277099609,922.9169006347656,846.7391815185547,842.42724609375,885.5466918945312,875.77294921875,934.1279602050781,
705.5105438232422,703.5776901245117,703.3015670776367,683.1446533203125,699.4358596801758,669.0624389648438,703.5776901245117,666.853458404541,721.5256271362305,705.2344207763672,755.7647399902344,677.0699691772461,703.3015670776367,686.734245300293,738.0929412841797,662.7116279602051,756.3170166015625,762.2227783203125,758.0812149047852,758.0812149047852,758.9095306396484,759.1856307983398,781.2740020751953,782.6545181274414,806.3995208740234,795.6314392089844,811.0932998657227,919.3262939453125,846.9869079589844,843.1214447021484,884.2610321044922,870.1797027587891,919.3262939453125,929.2660827636719
713.4977874755859,711.3314666748047,711.3314666748047,686.4187927246094,707.2696151733398,675.0456161499023,713.2269973754883,670.9837684631348,733.536247253418,688.8559036254883,733.536247253418,683.9816818237305,709.4359359741211,692.3761749267578,744.909423828125,676.6703567504883,756.2825927734375,757.9586868286133,753.6202774047852,753.3491287231445,756.331787109375,754.4337310791016,777.481559753418,779.9219207763672,805.681266784668,800.8005447387695,806.2235717773438,801.6139984130859,844.9981689453125,841.4731903076172,875.3670806884766,872.9267272949219,907.6340484619141,928.5126647949219
717.6069030761719,715.7898254394531,716.3089904785156,691.3889389038086,713.4535675048828,678.4097557067871,721.5006637573242,674.5159950256348,741.7481994628906,675.0351676940918,728.5094299316406,688.7931060791016,716.3089904785156,697.0997848510742,750.8336334228516,689.0526885986328,756.2848968505859,753.6200256347656,749.9788360595703,748.4183120727539,750.7590866088867,750.7590866088867,771.0457534790039,774.6869430541992,795.4937896728516,807.9778900146484,796.2740478515625,815.5203552246094,836.5872955322266,835.5469512939453,864.4164276123047,874.8198547363281,904.2095031738281,929.9579772949219
717.1553649902344,715.3396453857422,716.377197265625,691.2165603637695,713.5239334106445,678.2471694946289,722.3431167602539,674.3563461303711,742.3159942626953,688.8820724487305,731.6810836791992,688.3633041381836,716.636589050293,698.2200393676758,750.6164093017578,688.8820724487305,756.8417205810547,753.2178649902344,749.3202514648438,749.3202514648438,750.3596115112305,749.8399353027344,771.9264068603516,774.2649688720703,796.3514404296875,808.56396484375,765.170539855957,818.4379272460938,839.4850158691406,835.8472442626953,863.6502227783203,874.8233795166016,903.6656951904297,929.1301116943359
719.1592559814453,717.360481262207,718.3883590698242,694.4903259277344,716.846549987793,681.1279792785645,722.4998550415039,673.9328727722168,739.9736785888672,690.3788299560547,745.3700180053711,690.6357955932617,716.846549987793,705.5399551391602,743.3142623901367,701.9424057006836,756.6766204833984,746.1980743408203,742.0781936645508,741.5632095336914,743.1081695556641,742.3356857299805,762.9350967407227,765.2525253295898,789.7143249511719,790.7442855834961,760.8751525878906,810.8287048339844,827.5657348632812,824.2183227539062,856.6623840332031,860.2672729492188,900.1786346435547,925.6703796386719
721.9663391113281,718.6237640380859,719.6522445678711,695.4828262329102,716.3096618652344,682.6267471313477,723.2519454956055,675.4273490905762,740.9933319091797,693.4258499145508,744.3359146118164,693.4258499145508,719.6522445678711,704.2249526977539,739.1934814453125,712.4528427124023,757.1920013427734,735.6747512817383,732.5847702026367,731.8122711181641,734.3872604370117,732.5847702026367,754.9871673583984,755.2446670532227,778.4195709228516,786.6595306396484,759.3646469116211,794.6419982910156,818.3318939208984,816.0143890380859,839.4467926025391,854.3817443847656,890.6890716552734,921.0739135742188
724.5417175292969,721.0491485595703,722.2964935302734,699.0958557128906,719.0533905029297,684.6266441345215,725.5395965576172,677.1425704956055,736.5162353515625,693.3580627441406,,693.8570022583008,718.8039245605469,709.5735626220703,739.7593383789062,720.3007354736328,752.2327880859375,727.0435028076172,723.5473175048828,723.0478668212891,724.296501159668,724.0467758178711,744.274658203125,747.7708358764648,766.2506332397461,769.7468109130859,739.5298461914062,,808.7042083740234,806.2069396972656,833.1774597167969,845.6638031005859,879.6266632080078,907.0966186523438
727.7178039550781,727.0022125244141,725.3324966430664,701.2409744262695,721.0389633178711,684.3053436279297,726.7636795043945,679.7732772827148,743.9378356933594,695.2777252197266,732.9654541015625,691.6997756958008,716.2683563232422,711.4977569580078,743.2222442626953,719.369255065918,740.8369522094727,720.961181640625,716.6699752807617,716.6699752807617,716.4315795898438,718.5771789550781,735.2651901245117,741.9404067993164,757.6748199462891,778.17724609375,730.020393371582,797.0108642578125,801.5404663085938,800.1100463867188,827.5260925292969,833.962890625,879.7357330322266,894.5165557861328
729.0362396240234,727.4328918457031,727.2038345336914,704.9860763549805,723.0809555053711,687.8073844909668,725.8295440673828,679.3325691223145,744.1534729003906,692.8464660644531,730.1814804077148,689.6397819519043,712.5447006225586,712.0865936279297,741.6339416503906,717.8128280639648,743.0082321166992,712.7925109863281,708.4312591552734,708.6608123779297,708.8903427124023,710.7266616821289,728.860237121582,736.4350357055664,749.5187606811523,771.7840423583984,750.6664581298828,786.4745483398438,794.2788848876953,792.4425659179688,822.7417297363281,812.8715515136719,881.9628143310547,865.6655426025391
729.1221313476562,728.8869171142578,727.4756011962891,704.1889266967773,723.4768829345703,687.7235984802246,726.2994995117188,679.4909400939941,743.9409332275391,692.663200378418,728.8869171142578,689.8405685424805,711.0102767944336,711.715934753418,748.8805313110352,717.5964126586914,742.5296173095703,716.255126953125,712.4888534545898,712.4888534545898,708.9579620361328,712.01806640625,729.672492980957,737.2050552368164,745.9145736694336,771.8077392578125,750.1516342163086,788.9913940429688,794.6408081054688,793.6992492675781,820.0632019042969,822.8879089355469,881.7360229492188,866.6708831787109
732.5020599365234,732.0422058105469,731.1224822998047,706.7498779296875,725.3742294311523,689.735034942627,729.5129699707031,684.2167129516602,745.3781509399414,741.0094833374023,,688.1255264282227,712.4981384277344,709.9689102172852,747.9074020385742,,,710.4193496704102,706.7362442016602,706.5060501098633,703.5135192871094,706.966438293457,721.4686889648438,731.1368560791016,737.1219100952148,767.2773742675781,850.3775634765625,,787.5344848632812,785.0023498535156,828.2789001464844,810.5539398193359,,
733.7078247070312,731.6786651611328,731.0022659301758,709.8087692260742,727.3948669433594,694.702766418457,733.0314407348633,689.2916603088379,745.206428527832,741.8244857788086,,687.4879570007324,713.4161834716797,,733.2568969726562,,,702.0009918212891,698.3901977539062,698.1645278930664,697.9388580322266,698.841552734375,717.7981948852539,726.599479675293,742.848030090332,762.9330291748047,750.0696029663086,,781.4383087158203,782.5666809082031,,791.8193359375,,
721.2697906494141,726.2456207275391,719.0080490112305,711.7704849243164,731.6738052368164,696.8429870605469,733.7093734741211,689.1530647277832,746.6012954711914,743.2086791992188,,688.4745483398438,713.5798721313477,,746.375114440918,711.9966583251953,,704.8129348754883,701.6454772949219,701.1929779052734,695.5368118286133,699.1567535400391,715.2202987670898,722.2339553833008,724.2701721191406,760.4696807861328,747.7998580932617,,777.6644744873047,780.8319244384766,,797.8004302978516,800.7416687011719,
722.1382827758789,726.9814453125,735.2840042114258,712.6825942993164,731.3633575439453,696.9999618530273,734.1308746337891,,745.4315948486328,,742.4334411621094,688.928035736084,713.8357238769531,,745.662223815918,,746.584716796875,702.5766143798828,699.8019943237305,697.7210159301758,693.7902908325195,698.414680480957,713.2126998901367,719.9180526733398,,755.9882354736328,,742.346305847168,775.1794281005859,778.8789367675781,,794.8330535888672,,851.4817352294922
735.5815582275391,733.9488372802734,733.7155914306641,711.7905960083008,729.9836807250977,696.6296920776367,734.1820831298828,693.5975189208984,746.7773056030273,,743.7451171875,688.2328872680664,712.9568176269531,,745.6110610961914,,744.9113388061523,695.310546875,692.5070190429688,692.0397720336914,692.0397720336914,694.6096725463867,710.7299423217773,717.5051345825195,734.0926666259766,753.7173461914062,,759.7916412353516,772.6411437988281,776.61279296875,,792.2658386230469,,853.7097625732422
734.9420471191406,734.2236862182617,734.2236862182617,713.1517791748047,731.3502502441406,697.3478622436523,734.4631500244141,692.7982482910156,746.4358062744141,,740.6889266967773,688.0091705322266,711.9545211791992,,745.4779968261719,,744.9990921020508,694.4728927612305,692.552001953125,691.3514556884766,691.1113433837891,693.7525634765625,709.8399963378906,717.2834320068359,731.4499740600586,754.260498046875,,719.2043151855469,772.9891662597656,775.8704986572266,,791.9579162597656,,849.1043090820312
720.0225372314453,724.3591003417969,733.0322189331055,712.0721817016602,730.1411819458008,697.6169738769531,734.7186584472656,692.075813293457,745.3191452026367,,744.1145401000977,687.4983367919922,712.0721817016602,695.6896133422852,744.3554611206055,674.9704933166504,745.3191452026367,694.226936340332,689.6446151733398,687.715217590332,687.9563903808594,689.1622619628906,706.52685546875,714.0032806396484,728.9561233520508,750.661865234375,,717.6209030151367,769.4734954833984,772.8499450683594,789.2498474121094,791.6615905761719,815.5379180908203,841.1024322509766
739.0892181396484,742.7455291748047,739.3329696655273,711.0574722290039,728.6077880859375,697.4072341918945,731.0453262329102,694.9696884155273,742.7455291748047,724.9514617919922,738.8454742431641,684.9757614135742,711.0574722290039,691.8008804321289,744.4518127441406,665.9629249572754,745.4268341064453,704.9817810058594,702.2994384765625,700.3486404418945,684.7422332763672,687.4245758056641,700.8363342285156,710.3464889526367,723.5143966674805,745.7047424316406,723.0266952514648,733.2684020996094,763.0181121826172,765.4566040039062,784.7207794189453,789.3539276123047,823.7368011474609,845.439453125
728.3569183349609,745.0042266845703,727.8672790527344,708.7718276977539,725.6639633178711,696.5311508178711,727.8672790527344,691.1452484130859,741.0872192382812,722.9710159301758,743.7801666259766,682.3319549560547,707.3029403686523,687.9626693725586,742.3112945556641,667.643138885498,741.8216552734375,683.9156646728516,708.1713256835938,680.4855728149414,680.2405624389648,682.2006149291992,694.9409713745117,706.4562835693359,716.2565536499023,741.4922485351562,723.8517532348633,730.4669418334961,757.6626892089844,761.5827941894531,781.4283294677734,783.1433715820312,810.8291320800781,837.2898712158203
728.1556396484375,726.9756317138672,727.2116394042969,708.5673828125,724.6156005859375,694.1711883544922,726.7396240234375,,737.3597717285156,726.2676162719727,744.203857421875,679.3029861450195,701.9592895507812,688.271110534668,739.0117950439453,667.0308227539062,735.7077560424805,679.9992904663086,676.2221450805664,676.4582214355469,674.5696487426758,677.6385803222656,690.8585739135742,702.6621475219727,,736.4203491210938,696.288215637207,736.1842803955078,755.3060607910156,757.9028625488281,775.3721313476562,774.1917724609375,813.6157073974609,829.4324798583984
725.2716522216797,723.3439254760742,725.0306854248047,708.6449661254883,723.3439254760742,694.6689071655273,724.0668182373047,,734.6693420410156,723.1029510498047,743.1031646728516,677.0783538818359,696.5966415405273,,739.2477111816406,667.439697265625,731.5367736816406,674.8781661987305,671.0174865722656,671.5000762939453,670.5349044799805,672.7065353393555,686.7015075683594,699.2487258911133,,733.7535858154297,692.4925308227539,731.8232269287109,749.4375915527344,752.5744018554688,,769.2235870361328,804.9348754882812,820.6189117431641
726.4345779418945,725.2209625244141,724.7355194091797,708.23046875,723.0364761352539,694.8807983398438,724.2500762939453,,734.6871032714844,722.7937622070312,743.9105072021484,676.4339752197266,694.8807983398438,,739.0560760498047,665.5115165710449,731.2890090942383,673.5575332641602,670.1611480712891,670.4037551879883,670.1611480712891,672.8297348022461,686.6578598022461,699.5155868530273,,733.7220001220703,694.9062194824219,731.2960052490234,747.3075103759766,752.1595001220703,,769.3840026855469,806.9867858886719,821.5427093505859
726.6209411621094,726.3785629272461,726.1361923217773,707.4733276367188,722.9853210449219,693.9003295898438,719.8344421386719,,733.1650543212891,721.7734451293945,742.8600463867188,677.1764602661133,691.9613342285156,,736.5583038330078,664.3305931091309,729.5294418334961,673.7362823486328,668.8830337524414,670.581672668457,667.4270629882812,669.8536834716797,681.2588195800781,693.8772659301758,,728.5779876708984,689.5093383789062,725.9086990356445,743.1377258300781,747.9909820556641,,767.4039764404297,798.4647521972656,818.8483734130859
724.6376953125,719.8147964477539,722.9496765136719,704.1403579711914,718.3679275512695,693.7711181640625,716.6799087524414,,729.7017440795898,721.5028076171875,735.0069427490234,676.4086608886719,692.0830993652344,,733.8012084960938,661.6988067626953,728.0137252807617,668.0446166992188,661.2887115478516,664.4253845214844,662.0125579833984,664.1840972900391,676.972053527832,692.1728210449219,,723.0569305419922,690.9664077758789,725.2284698486328,739.9466705322266,744.2897491455078,,767.4528198242188,791.5810241699219,819.5697479248047
727.1336975097656,725.8892974853516,725.6404037475586,702.9921875,718.6717300415039,692.7880401611328,713.9429779052734,,727.3825836181641,718.6717300415039,722.4049453735352,676.3618545532227,690.0503387451172,,731.1157989501953,661.1800804138184,727.1336975097656,668.3880386352539,662.9148712158203,663.4124374389648,660.1782913208008,662.9148712158203,673.6124267578125,687.7929000854492,,717.8953170776367,686.0514373779297,688.0416793823242,736.3050384521484,740.0367584228516,,767.1537933349609,788.7976837158203,819.8952026367188
722.6341018676758,720.8349609375,720.3209228515625,701.0444412231445,713.1243743896484,689.9925994873047,709.5261001586914,720.8349609375,722.3770751953125,738.8263397216797,740.1114196777344,670.7161254882812,689.7355804443359,686.3943252563477,727.5174713134766,661.7204399108887,725.9753494262695,661.965461730957,658.3617858886719,658.1043853759766,657.8469696044922,659.1340026855469,672.2616653442383,683.5875091552734,708.0410079956055,711.6446838378906,707.0113906860352,708.2984085083008,731.7222900390625,735.8407897949219,753.859130859375,763.89794921875,783.9755859375,819.4974975585938
716.9696197509766,717.2258682250977,716.4571380615234,700.0572814941406,709.7947006225586,688.7823867797852,705.6947250366211,,717.2258682250977,733.1132202148438,736.70068359375,667.7700881958008,685.9636688232422,679.8137283325195,722.3508224487305,659.8264122009277,723.3758239746094,661.1480026245117,656.0254898071289,655.7693710327148,653.2081146240234,655.7693710327148,666.2705154418945,677.2839126586914,,705.4577331542969,699.8229675292969,699.5668411254883,725.1793975830078,731.8386688232422,750.7919464111328,761.5492401123047,784.6005249023438,818.4091033935547
718.392951965332,716.8811798095703,716.8811798095703,700.2515640258789,711.5899276733398,688.4092483520508,705.2908325195312,,716.3772430419922,733.5107879638672,736.5343475341797,668.2521438598633,686.8974609375,683.1180114746094,722.4243698120117,660.6932220458984,723.6842041015625,660.2166061401367,654.6665344238281,654.6665344238281,653.1528778076172,654.4142532348633,667.7848815917969,677.8759384155273,,705.6262969970703,700.328498840332,700.328498840332,725.3038482666016,731.8630065917969,748.2609558105469,761.8838653564453,783.8318634033203,818.8982543945312
716.0660629272461,716.0660629272461,715.8153991699219,701.025993347168,709.7993698120117,689.2446060180664,701.2766647338867,,,727.5967712402344,685.9859237670898,663.9271545410156,675.7085418701172,676.2098770141602,716.5673980712891,658.9138031005859,716.3167343139648,657.0142059326172,651.2380676269531,651.2380676269531,647.2198715209961,650.233512878418,659.0233001708984,671.8312835693359,,,694.1824569702148,669.0687789916992,719.0449981689453,722.8120574951172,751.9439239501953,755.2087097167969,785.3451232910156,813.7235870361328
714.8744964599609,716.8989944458008,714.3683700561523,701.4621887207031,706.7765045166016,688.5559997558594,696.6540069580078,700.1968765258789,701.4621887207031,722.2133102416992,724.23779296875,675.3967590332031,670.3355178833008,688.3029479980469,716.6459274291992,658.6946449279785,,652.7279052734375,646.6360321044922,646.6360321044922,642.3209533691406,645.3668823242188,653.7432174682617,663.3886871337891,690.0406646728516,691.8174591064453,691.5636367797852,692.3251190185547,711.1084136962891,714.6620025634766,739.0295257568359,749.6903076171875,784.9724273681641,
714.4224319458008,714.9264068603516,714.1704483032227,705.6029815673828,707.3668670654297,699.5553436279297,695.271614074707,695.7755813598633,695.271614074707,724.7537994384766,724.7537994384766,667.5532913208008,669.3171844482422,683.1763458251953,709.3827438354492,659.2378082275391,688.7200012207031,647.0109481811523,641.7048034667969,641.7048034667969,637.4093551635742,638.672721862793,654.3384780883789,654.3384780883789,685.9226837158203,686.6807022094727,688.4494171142578,690.218132019043,705.1258697509766,707.3999328613281,734.6886749267578,740.7528533935547,776.6325073242188,789.7715148925781
713.8077621459961,715.0250015258789,712.8339691162109,710.642951965332,705.0436553955078,701.1485061645508,694.3319702148438,,687.5154495239258,715.5118942260742,719.1636047363281,678.0210113525391,665.3617401123047,711.8601837158203,708.6953659057617,655.8672981262207,682.8899536132812,644.2672500610352,639.3956756591797,638.9085159301758,639.152099609375,635.2548446655273,655.2282867431641,654.9847106933594,,684.9448776245117,688.35498046875,689.5728759765625,703.4568634033203,703.7004241943359,740.4807891845703,739.99365234375,771.1717071533203,781.8891754150391
713.0418090820312,713.3336486816406,712.4580841064453,701.3675918579102,706.3291320800781,698.1571884155273,693.7793579101562,,682.9807205200195,715.9603576660156,711.2906646728516,658.4648895263672,664.5938491821289,682.6888580322266,707.2046966552734,650.5848007202148,681.2295913696289,642.6329803466797,638.5381088256836,638.2456130981445,632.9807815551758,634.735725402832,654.0401306152344,654.3326263427734,,682.7042388916016,690.3090057373047,692.06396484375,701.7161560058594,704.3485717773438,727.1628723144531,740.032470703125,764.8942108154297,780.396240234375
712.2567977905273,712.5128021240234,711.7447891235352,701.5045852661133,706.1126708984375,698.1765213012695,692.8004150390625,,683.5842437744141,711.4887847900391,707.9047088623047,675.9040908813477,664.1278610229492,707.9047088623047,705.6006698608398,651.583625793457,677.4401245117188,644.9794540405273,640.6225891113281,640.6225891113281,635.2405853271484,637.5471572875977,654.2057495117188,654.7183151245117,,683.6786346435547,690.0857849121094,690.5983581542969,702.9000854492188,703.9252319335938,741.0867004394531,740.8304138183594,764.9212951660156,780.8110198974609
711.8018417358398,712.9987335205078,711.3230743408203,699.1145935058594,705.5779037475586,697.1995315551758,690.0180816650391,,675.176399230957,,691.4543762207031,675.176399230957,661.0528564453125,705.0991439819336,704.3809967041016,649.3231430053711,673.5007171630859,644.5883407592773,640.9925079345703,640.7527847290039,635.478889465332,638.3555526733398,657.7730865478516,657.0539169311523,,682.4645004272461,,689.6561813354492,702.6011962890625,702.6011962890625,741.9156799316406,742.1554107666016,756.5387725830078,785.3054504394531
711.88330078125,712.1167755126953,712.8171691894531,698.1088638305664,707.213996887207,686.4356002807617,692.0387649536133,,675.4627380371094,689.0037155151367,694.3734130859375,656.0851135253906,663.3225402832031,669.8595657348633,702.3112411499023,641.3768005371094,674.0619430541992,647.4396514892578,643.9345779418945,641.3642044067383,637.1581268310547,641.1305313110352,646.7386322021484,657.0201416015625,,681.0882263183594,693.0054244995117,729.2243804931641,697.2115020751953,703.9879608154297,729.2243804931641,742.7772979736328,756.0965118408203,785.7726898193359
711.8378295898438,711.8378295898438,711.5951385498047,696.3067779541016,706.74169921875,685.3865203857422,694.6080780029297,,678.5916900634766,680.533073425293,679.0770416259766,656.0231475830078,660.6339263916016,,700.6748886108398,644.6175384521484,672.7675476074219,644.6769027709961,641.0376129150391,641.0376129150391,635.9426193237305,641.5228500366211,644.4342880249023,660.932373046875,,721.3444671630859,698.5382843017578,699.2661590576172,698.5382843017578,702.9054412841797,,740.9965972900391,746.3342132568359,784.9106292724609
710.3428802490234,710.1044006347656,710.1044006347656,698.1795120239258,706.5269165039062,,692.2170715332031,,676.4762344360352,,649.2875137329102,,,,699.8489837646484,,672.1832809448242,646.1173858642578,642.2986526489258,642.2986526489258,636.5705413818359,642.5373153686523,,660.198974609375,,719.6280364990234,,737.0510406494141,,,,743.4951477050781,,787.8879699707031
708.4979705810547,708.2545166015625,707.7676086425781,696.8122482299805,702.4116516113281,684.152717590332,685.8568878173828,,669.3021240234375,675.388427734375,670.7628326416016,652.0169906616211,657.8598480224609,,697.7860641479492,647.3914031982422,673.6842651367188,645.8744735717773,641.730094909668,640.5111618041992,636.6105651855469,639.0484390258789,649.0437088012695,655.8697357177734,,681.7111511230469,704.8709106445312,708.0401306152344,695.1194305419922,701.214111328125,,737.2945709228516,737.2945709228516,785.8081665039062
706.4302062988281,707.4236221313477,706.1818618774414,695.2543029785156,702.9532623291016,,684.8234481811523,,670.4189300537109,,672.40576171875,653.7792358398438,661.4782028198242,,697.9861831665039,647.3220443725586,671.9090576171875,645.9816360473633,642.0009536743164,640.7569885253906,636.7763214111328,639.5130310058594,,656.9284896850586,,681.5589370727539,,708.1797180175781,697.2328491210938,702.2086944580078,,737.2884216308594,737.2884216308594,788.5396270751953
705.7710037231445,692.4650955200195,705.5415954589844,695.4474563598633,700.9533615112305,680.0768280029297,690.6297988891602,663.7885589599609,671.817985534668,,670.6709213256836,652.7767639160156,,667.0003280639648,699.118049621582,643.6002731323242,673.6532821655273,644.1297073364258,631.7129669189453,638.6111602783203,635.1620559692383,637.9213409423828,645.7392807006836,661.3751907348633,666.8937377929688,686.8984985351562,,709.2026519775391,689.8877182006836,,714.9511260986328,737.9450988769531,737.9450988769531,785.5426177978516
702.6507263183594,704.2310562133789,701.5219268798828,689.1050643920898,701.2961578369141,680.7518920898438,688.8792953491211,676.4624328613281,683.0095062255859,,681.8806991577148,662.4652328491211,659.7560958862305,680.7518920898438,695.2006072998047,,674.8821029663086,642.0236968994141,636.8198623657227,636.1410980224609,629.3534927368164,633.6523056030273,642.2499465942383,658.5402069091797,629.8059997558594,685.6906433105469,,711.7098083496094,691.1207275390625,691.7994842529297,714.4248504638672,735.2401885986328,,784.5634918212891
704.5412216186523,706.1417846679688,705.9131317138672,685.5631561279297,702.0260620117188,672.7586669921875,698.5962905883789,662.2407073974609,697.2243804931641,660.6401443481445,701.5687561035156,654.6952133178711,673.6732788085938,659.0395812988281,690.1361846923828,639.1469116210938,676.874397277832,629.8570404052734,623.4520874023438,623.9095840454102,617.7333831787109,628.2557983398438,621.6221084594727,654.3330917358398,624.824577331543,680.181640625,630.0857925415039,713.1213836669922,686.1290893554688,692.7627868652344,708.7751617431641,729.8199920654297,737.1399230957031,777.8571166992188
701.1934661865234,703.7639617919922,699.09033203125,684.8357543945312,688.1072998046875,667.5433197021484,702.5955581665039,648.8487930297852,,,,657.2613296508789,678.7600326538086,659.1307830810547,688.3409881591797,642.0720252990723,678.2926712036133,619.3300094604492,615.3582534790039,614.890983581543,611.1528625488281,612.3210296630859,625.1708374023438,645.2632751464844,622.1336135864258,,,,681.9436340332031,686.6163024902344,703.9051361083984,730.539306640625,737.5482940673828,775.6304626464844
701.061408996582,702.4620742797852,699.660758972168,681.2188034057617,695.6922378540039,662.5433959960938,702.9289627075195,642.2338981628418,711.5663299560547,672.5814208984375,,660.9093017578125,684.7204360961914,692.4240417480469,692.1905975341797,679.8181381225586,681.4522323608398,616.0944595336914,611.6522674560547,611.4184646606445,609.0804672241211,611.1846694946289,620.0690536499023,631.2914428710938,631.5252380371094,635.2660369873047,618.9000625610352,,678.986572265625,681.0907745361328,723.8761291503906,722.94091796875,768.7656555175781,762.4530639648438
700.8097457885742,702.2095184326172,698.710075378418,681.2129058837891,694.2774658203125,662.5492630004883,702.4428100585938,643.185718536377,712.2412261962891,672.5809707641602,,660.4496002197266,684.4790420532227,692.4110946655273,692.4110946655273,679.8131332397461,681.4461975097656,616.0235290527344,612.282112121582,612.282112121582,609.0083694458008,612.282112121582,619.5311126708984,630.75537109375,630.75537109375,636.3675003051758,618.3619155883789,,678.9261322021484,681.9660491943359,724.7585296630859,721.4847869873047,767.5510101318359,762.4065551757812
698.6106567382812,700.876823425293,694.3301162719727,700.876823425293,682.9992828369141,704.401969909668,664.3663635253906,,641.2011032104492,,640.9493064880371,690.301383972168,666.1289367675781,697.6034698486328,697.6034698486328,680.2295227050781,681.7403030395508,608.9171371459961,605.6356048583984,605.3831787109375,606.1404495239258,602.8589172363281,622.8005523681641,617.247184753418,,632.3927383422852,,628.1014938354492,675.3051147460938,672.7808685302734,718.9747619628906,718.2175140380859,762.3920135498047,761.6347351074219
701.3021850585938,702.5953979492188,698.9743804931641,681.3865814208984,686.8181076049805,705.6991271972656,705.1818389892578,726.3906555175781,646.728271484375,634.0547142028809,636.382511138916,695.3533630371094,670.5235366821289,703.1126861572266,703.1126861572266,,687.0767517089844,602.0726165771484,598.4544677734375,598.1960296630859,598.7128982543945,597.9375839233398,616.2867965698242,616.8036727905273,602.5895004272461,631.2762832641602,633.8606796264648,633.8606796264648,669.7837677001953,669.2669067382812,714.7522735595703,715.527587890625,,758.9454193115234
704.4543838500977,708.0543823242188,704.9343795776367,682.1344299316406,700.8543930053711,667.7344589233398,703.9743804931641,650.9344940185547,726.7743377685547,636.5345191955566,713.8143463134766,673.4944381713867,695.3343963623047,656.9344787597656,706.374382019043,650.2144927978516,694.134407043457,601.0709838867188,597.9529190063477,597.7130661010742,594.3551559448242,597.4732208251953,613.3033828735352,615.2221908569336,631.052360534668,586.6799240112305,638.2478942871094,568.2113914489746,667.2698822021484,668.2292785644531,685.9782409667969,710.2032012939453,746.9004058837891,756.9741516113281
714.3185272216797,714.5572204589844,713.3637847900391,681.3794174194336,703.3388290405273,669.6836471557617,705.2483520507812,660.8521347045898,,712.8864135742188,711.9316482543945,675.8895645141602,698.0876693725586,655.1235961914062,709.5447616577148,656.0783538818359,705.2483520507812,609.6835403442383,603.7150497436523,603.4763107299805,595.597900390625,601.0889129638672,614.9358139038086,614.6970672607422,644.7782592773438,,572.9176330566406,572.9176330566406,666.7423095703125,666.9810485839844,696.8235168457031,703.9856872558594,747.1975708007812,751.7336273193359
678.8336868286133,681.8998489379883,678.3619766235352,689.9190292358398,679.3054046630859,671.7579345703125,705.2498321533203,663.0311737060547,663.0311737060547,714.9200210571289,715.155876159668,678.8336868286133,700.5326614379883,658.5498657226562,709.2594223022461,664.6821823120117,717.2786102294922,594.896484375,591.35107421875,591.35107421875,592.296516418457,593.2419586181641,612.1508407592773,613.3326416015625,623.0234451293945,623.7325286865234,570.3149490356445,570.3149490356445,665.5684204101562,665.0956878662109,710.4770050048828,699.1316833496094,756.0946807861328,741.6766510009766
680.4407272338867,683.6888961791992,679.5126800537109,694.1294784545898,696.2175903320312,671.8562622070312,706.1941299438477,663.7358169555664,663.5038070678711,715.010612487793,714.7785949707031,678.1205978393555,700.8578414916992,659.327579498291,709.2102890014648,666.0559463500977,717.5627517700195,595.3176574707031,591.5970764160156,591.5970764160156,592.9922943115234,595.3176574707031,612.9903869628906,612.9903869628906,622.7568969726562,622.9894332885742,574.8544921875,574.3894157409668,666.9387359619141,666.4736633300781,709.9579010009766,695.3081207275391,757.8602905273438,741.3502349853516
681.6126327514648,684.6985549926758,680.188362121582,682.7995223999023,700.3655090332031,671.4053649902344,707.7242279052734,659.5364608764648,659.7738380432129,726.0023574829102,,680.188362121582,703.4514236450195,663.0971336364746,710.098014831543,665.945671081543,727.6639862060547,597.8775634765625,594.3160171508789,594.3160171508789,593.8411407470703,594.3160171508789,614.2607116699219,611.6489028930664,638.7166976928711,638.7166976928711,580.7821159362793,,670.7706604003906,667.6839904785156,713.034423828125,698.7882080078125,759.0971527099609,730.8421630859375
702.7290496826172,681.3448638916016,701.9916610717773,682.3280487060547,701.254280090332,672.4962310791016,709.6113128662109,663.6476058959961,729.0291442871094,677.4121398925781,737.6319732666016,682.8196411132812,707.1533660888672,668.8093032836914,713.2982482910156,666.1055603027344,733.6992492675781,595.5480270385742,594.0719909667969,593.0879669189453,592.8419570922852,592.8419570922852,612.5224151611328,608.8323287963867,629.2507858276367,601.9441757202148,608.0943145751953,588.1678619384766,670.3337249755859,669.1037139892578,699.3623962402344,694.6882934570312,763.8158569335938,722.4869079589844
705.6291122436523,704.3617782592773,704.1083145141602,686.6190338134766,702.5875015258789,676.4803237915039,712.9796829223633,670.6505737304688,733.7640228271484,683.0704879760742,742.8888702392578,686.3655700683594,711.2054061889648,672.4248504638672,721.5975799560547,665.8346862792969,738.0729827880859,594.8572235107422,589.7833786010742,590.0370788574219,590.290771484375,590.7981491088867,609.06396484375,605.7659683227539,621.4948577880859,601.9605941772461,602.7216720581055,594.3498382568359,665.383544921875,664.6224670410156,698.3634948730469,687.2010498046875,755.9515380859375,720.1809692382812
711.6980133056641,691.4024047851562,710.4134750366211,692.9438400268555,710.4134750366211,683.1813888549805,717.86376953125,680.3554229736328,740.2146301269531,688.3195266723633,,689.6040573120117,713.2394561767578,681.1261367797852,726.341682434082,665.7117538452148,736.1041259765625,592.1379013061523,583.3818511962891,587.7598724365234,585.1845703125,586.4722213745117,603.7267837524414,606.3020935058594,621.2388687133789,602.9541931152344,595.4857940673828,,659.8684997558594,659.0958862304688,693.6050109863281,670.42724609375,754.6398010253906,722.7059936523438
719.5609893798828,719.0520782470703,718.7976226806641,698.186637878418,717.5253295898438,689.5351257324219,723.8867416381836,685.4638214111328,747.8056640625,,,693.0975189208984,715.4896926879883,685.4638214111328,731.5204391479492,673.7588272094727,729.7392425537109,586.8512420654297,582.2639389038086,582.7736358642578,581.2445449829102,582.5187911987305,598.5743179321289,601.6325149536133,618.7074432373047,609.5328598022461,,,653.3670043945312,651.8379211425781,695.162353515625,663.3061370849609,736.4480133056641,722.4312744140625
719.7023468017578,718.6403732299805,718.9058685302734,700.0557327270508,718.6403732299805,689.4359436035156,724.2157592773438,685.1880187988281,748.6412963867188,695.8078155517578,,693.4183578491211,716.7818984985352,683.3295593261719,737.4904937744141,673.2407531738281,730.3221435546875,586.8053512573242,581.2139129638672,582.8114624023438,580.1488800048828,582.8114624023438,597.7219543457031,601.1833190917969,615.8275451660156,606.5084915161133,587.6041259765625,,655.5000915527344,653.6362609863281,702.6278839111328,674.9369659423828,739.3715667724609,722.3310089111328
726.122932434082,725.1537170410156,724.9114074707031,707.9501037597656,725.8806304931641,696.0771865844727,731.2113265991211,689.5349731445312,730.7267150878906,702.8617095947266,,698.9848403930664,722.4883651733398,696.3194961547852,737.995849609375,682.0235443115234,727.8190612792969,577.5200424194336,574.368034362793,574.1255645751953,574.368034362793,574.6104888916016,590.8554992675781,593.7650604248047,617.5264053344727,618.0113296508789,620.9208908081055,,647.591796875,648.3191680908203,682.5064392089844,677.8996276855469,728.8168334960938,725.6648101806641
722.5872116088867,731.1387252807617,731.6009750366211,714.7290725708008,731.8320922851562,702.9418487548828,738.5346298217773,690.6923866271973,744.3126831054688,699.9372634887695,,704.0974578857422,726.9785385131836,701.3239974975586,739.9213638305664,694.3903350830078,728.134147644043,573.8457870483398,568.9897232055664,568.9897232055664,570.3771667480469,570.6084060668945,588.1827392578125,590.263916015625,614.5442504882812,600.6697769165039,624.718864440918,,642.9869232177734,645.5305786132812,679.9855194091797,676.9793853759766,712.3592987060547,726.2337951660156
740.6022796630859,739.2748107910156,737.9473342895508,719.8052139282227,736.6198654174805,709.6279296875,744.5846939086914,699.2293968200684,755.6469573974609,715.6015625,755.6469573974609,709.8491821289062,733.3011856079102,708.3004608154297,741.9297561645508,704.096794128418,728.6550369262695,566.5478439331055,563.2316589355469,563.4527359008789,566.3267669677734,566.3267669677734,583.128776550293,586.4449691772461,596.3935317993164,613.4166259765625,584.0130996704102,610.3215255737305,641.0515289306641,641.7147521972656,672.0026092529297,677.7506561279297,705.1644744873047,725.2826690673828
731.8969802856445,735.1616134643555,729.2852783203125,722.9736557006836,739.2968139648438,712.309196472168,747.1319274902344,704.0387992858887,754.5317535400391,718.4031753540039,,715.7914657592773,738.2086029052734,717.9678955078125,742.7790832519531,717.0973281860352,728.4147109985352,564.8711013793945,561.6089859008789,561.6089859008789,560.7390899658203,560.0866622924805,578.5719757080078,580.9641876220703,592.4903259277344,605.5387725830078,580.7467193603516,,634.4628448486328,634.4628448486328,673.82568359375,674.2606201171875,702.0973205566406,723.6272583007812
732.0121612548828,735.108268737793,728.9160537719727,724.9353485107422,741.0793228149414,716.5316390991211,749.9253387451172,707.2433242797852,758.7713470458984,,754.3483352661133,721.6180953979492,744.1754302978516,731.791015625,744.1754302978516,730.9064102172852,730.0218048095703,557.6650390625,554.790397644043,554.790397644043,553.6847686767578,553.6847686767578,572.4804916381836,574.0283737182617,585.5269317626953,604.3226470947266,,614.2733306884766,628.4253997802734,628.4253997802734,670.4393615722656,674.6407470703125,692.5519714355469,718.4237365722656
731.3704681396484,734.668098449707,728.0728378295898,724.9950408935547,741.0435256958008,716.6410446166992,750.7165756225586,707.4076766967773,759.0705795288086,,754.4538955688477,721.0378875732422,743.0220947265625,730.0514144897461,744.1213073730469,730.9307861328125,728.9522018432617,557.5361328125,554.0193328857422,553.7995300292969,553.3599319458008,553.5797348022461,572.9221496582031,573.5815582275391,585.4507675170898,604.3535995483398,,611.6070022583008,629.630615234375,629.8504180908203,651.6106414794922,674.0302734375,692.0538940429688,719.7487030029297
734.6973495483398,737.6059417724609,745.436767578125,726.8665237426758,743.4231262207031,721.0493392944336,753.0438537597656,708.52001953125,763.1120529174805,725.5240936279297,761.0984191894531,726.6427841186523,748.3453598022461,733.8023910522461,745.8842391967773,,739.1721115112305,550.9166793823242,547.1055068969727,546.4329528808594,548.6748123168945,547.1055068969727,567.0580978393555,567.0580978393555,582.0785903930664,596.6507034301758,562.1259994506836,608.7567596435547,619.9660949707031,619.9660949707031,656.7326507568359,659.6470794677734,,700.0006256103516
738.401481628418,741.0030899047852,735.1494674682617,729.9462432861328,746.8567276000977,724.0926132202148,757.47998046875,713.0357627868652,767.0192184448242,709.1333389282227,763.767204284668,732.1142501831055,754.2279586791992,743.1711044311523,750.7591400146484,,744.2551116943359,546.4018020629883,543.1396255493164,543.3571014404297,542.7046661376953,540.7473602294922,561.1903381347656,560.320426940918,582.7207107543945,586.6353225708008,598.1616744995117,602.7287292480469,615.3424835205078,614.0376129150391,649.9215545654297,649.0516662597656,,689.5026702880859
751.9582290649414,750.2688140869141,750.2688140869141,734.6417083740234,749.6352767944336,728.9399261474609,760.4053115844727,720.2816696166992,772.6535797119141,,769.4859313964844,736.7534866333008,757.6600112915039,747.7346878051758,755.3370666503906,762.9394302368164,748.5793991088867,539.1716232299805,536.0045394897461,536.0045394897461,538.7493362426758,536.6379547119141,557.9629516601562,556.2738494873047,578.4433975219727,583.932991027832,,594.4899215698242,610.9587249755859,610.3253173828125,638.6178894042969,642.6295166015625,670.0775451660156,683.3792724609375
756.0285568237305,754.8203964233398,753.6122360229492,737.1007232666016,750.1891250610352,731.0599212646484,764.6870346069336,725.8245658874512,774.7550354003906,773.949592590332,773.7482299804688,742.5374374389648,763.6802368164062,759.4516754150391,761.4652786254883,,754.4176788330078,534.8232269287109,531.8051490783691,532.0063552856445,535.8292617797852,532.6099700927734,555.9498062133789,553.5353393554688,579.8932418823242,576.8751602172852,600.2149963378906,600.4161987304688,609.2692413330078,608.8668365478516,641.6633148193359,641.4620971679688,,676.6730651855469
760.5681533813477,759.5614471435547,758.5547485351562,741.239501953125,754.1252670288086,733.5885772705078,765.8030014038086,728.7564163208008,777.0780487060547,737.212703704834,772.648567199707,745.2663040161133,766.809700012207,756.3400115966797,768.8230972290039,759.7627944946289,766.0043334960938,532.7617034912109,529.3336791992188,529.3336791992188,532.7617034912109,531.7534637451172,552.9265670776367,550.1034851074219,565.6304321289062,577.527702331543,542.0375366210938,593.2562866210938,606.3634490966797,604.5486145019531,636.4090881347656,633.7876586914062,660.8085784912109,658.3887939453125
760.6337051391602,759.4209365844727,758.6124267578125,741.4316024780273,753.7613754272461,733.1443862915039,765.8890075683594,728.8997116088867,776.1975021362305,737.1869316101074,773.1655883789062,745.4741516113281,766.8996429443359,756.5911560058594,768.9209136962891,760.0273208618164,765.8890075683594,532.8296356201172,529.3882675170898,529.5906982421875,532.6272048950195,531.8174667358398,552.8705368041992,550.238899230957,565.8262634277344,577.3649749755859,542.3440017700195,594.9766693115234,606.7178039550781,604.8959197998047,636.88037109375,634.2487487792969,660.7675018310547,659.957763671875
763.575553894043,742.2237777709961,761.93310546875,745.508659362793,760.9065780639648,740.3760185241699,771.9930725097656,735.8592987060547,781.0265197753906,,770.3506317138672,749.4094696044922,770.7612380981445,756.5951538085938,775.6885681152344,762.9596328735352,770.5559310913086,526.554931640625,523.4737167358398,523.4737167358398,526.1441040039062,525.3224411010742,545.0422286987305,543.6043243408203,575.6489715576172,574.4164886474609,,578.9356002807617,600.5041046142578,599.2716217041016,627.6188049316406,623.7159423828125,661.3067626953125,649.1873168945312
760.2551193237305,765.2129058837891,766.4523544311523,749.3066558837891,765.6260604858398,742.6962623596191,776.3679428100586,739.8042221069336,786.490104675293,,782.5651779174805,752.6118545532227,774.3021926879883,758.8090896606445,780.292854309082,765.2129058837891,777.1942367553711,519.0677108764648,515.1344985961914,515.1344985961914,518.4466781616211,517.41162109375,539.768798828125,537.28466796875,569.1643600463867,566.0591888427734,,574.5466461181641,593.5916442871094,593.3846435546875,622.7801818847656,615.7418060302734,663.1473083496094,643.6882781982422
761.7753982543945,765.7596206665039,770.5826416015625,754.4360198974609,769.9535446166992,747.9354400634766,780.2286682128906,743.3221244812012,790.0843887329102,,787.1486434936523,756.5329895019531,777.0832214355469,760.7269134521484,785.471076965332,765.9693222045898,783.5838088989258,514.0886459350586,508.8433074951172,508.21387481689453,511.36106872558594,509.0531234741211,531.0835342407227,529.6148452758789,558.3592834472656,559.6181716918945,,567.3812713623047,583.5369110107422,581.0191497802734,618.9953765869141,606.1967620849609,662.8464050292969,643.7533569335938
777.1343307495117,775.0242691040039,773.7582473754883,758.5658264160156,775.0242691040039,749.4925804138184,784.9415435791016,745.0614585876465,794.6478042602539,,788.3176345825195,759.8318634033203,781.5654602050781,762.3639297485352,779.4553985595703,765.9510269165039,,505.02748107910156,500.80091857910156,501.2235794067383,505.02748107910156,503.33685302734375,524.6809997558594,523.6243591308594,546.4477844238281,553.4216156005859,,560.3954391479492,576.0337066650391,573.4977874755859,616.3973541259766,613.2274475097656,657.3950042724609,
781.2845001220703,780.0220718383789,777.9180374145508,762.7689361572266,779.8116683959961,752.2487335205078,789.0694580078125,750.1446876525879,797.0648193359375,762.5585327148438,792.435920715332,762.9793395996094,785.9133987426758,762.7689361572266,792.8567276000977,764.2417678833008,796.43359375,498.7794952392578,494.9860076904297,495.1967544555664,498.7794952392578,495.82899475097656,516.4824676513672,516.9039688110352,542.6154251098633,547.4626693725586,545.7766723632812,556.9464111328125,567.0623931884766,566.2193908691406,607.1048126220703,584.5545959472656,647.9902496337891,635.134521484375
781.3817443847656,780.1233444213867,778.2357482910156,763.3447265625,778.8649520874023,752.2288970947266,789.1418533325195,750.7607650756836,796.9019622802734,758.5208740234375,792.9170379638672,763.3447265625,785.3666687011719,763.1349945068359,,764.3933944702148,795.8532943725586,499.2684783935547,495.4910202026367,495.7008819580078,496.7501678466797,495.9107360839844,517.1064910888672,517.5262145996094,542.4994354248047,547.7459030151367,509.9712829589844,558.0289916992188,568.5219573974609,565.3740539550781,609.4444427490234,,651.4162292480469,633.1585235595703
786.1061096191406,764.7686920166016,784.8385391235352,767.937614440918,783.5709686279297,758.8533630371094,792.0214309692383,749.7691116333008,800.260627746582,761.3885040283203,796.8804473876953,766.6700439453125,788.2187271118164,765.6137313842773,796.035400390625,764.3461608886719,801.1056747436523,495.3875732421875,490.5223388671875,491.7915344238281,492.8491897583008,492.21459197998047,510.8294219970703,512.3101501464844,526.9058609008789,539.809326171875,503.0027313232422,553.1358489990234,562.2317352294922,559.9048919677734,600.0959777832031,586.7694702148438,647.6907043457031,620.6145935058594
790.031135559082,789.8212356567383,787.9321823120117,771.5603561401367,786.6728134155273,760.8556976318359,794.6488342285156,753.5093688964844,801.5753707885742,769.2515106201172,796.327995300293,770.5108795166016,792.5498733520508,770.3009872436523,798.0071563720703,765.6832885742188,805.5633773803711,491.0987243652344,487.53053283691406,487.7404327392578,490.67893981933594,489.2096862792969,508.3100051879883,508.5198974609375,522.3728713989258,537.6950988769531,503.06266021728516,547.7700042724609,557.8448791503906,557.2152099609375,592.8971099853516,581.14306640625,636.9747924804688,611.7875671386719
792.6588516235352,792.0491027832031,791.4393539428711,775.7891006469727,790.6263580322266,764.4070930480957,797.5368576049805,757.9030952453613,806.6831130981445,771.1143493652344,804.0408554077148,773.553352355957,794.0816040039062,773.7565994262695,801.8051071166992,769.2851028442383,805.6668548583984,491.16094970703125,487.9115676879883,487.70848083496094,488.927001953125,488.1146545410156,507.4078598022461,507.4078598022461,526.0918197631836,534.8245391845703,503.5492248535156,541.9325714111328,552.6961517333984,551.8838043212891,586.611572265625,577.8788757324219,619.7146911621094,608.7480163574219
781.9331283569336,785.7315673828125,779.7340393066406,793.5283737182617,794.5279541015625,769.9380722045898,801.7249984741211,761.1416816711426,809.1219482421875,765.3399543762207,809.3218765258789,778.3346176147461,799.1260604858398,776.7352752685547,803.9240951538086,805.5234375,773.9364242553711,491.3544006347656,488.3550262451172,488.3550262451172,489.1548614501953,488.9549026489258,506.35128021240234,507.55104064941406,524.1475830078125,532.5458374023438,504.35169982910156,541.7439193725586,551.9418029785156,550.7420501708984,583.7352142333984,577.3365325927734,610.1297149658203,613.3290557861328
800.2995376586914,798.9186859130859,798.7214279174805,782.5457916259766,797.735107421875,771.6962814331055,806.4147186279297,762.819408416748,810.5572509765625,768.9345855712891,812.727165222168,780.9676818847656,801.8776473999023,781.3622131347656,803.2584915161133,778.4032516479492,804.2448120117188,489.24861907958984,485.4950714111328,485.4950714111328,487.47061920166016,486.6803970336914,504.85546112060547,507.4236755371094,521.0549697875977,532.5131530761719,502.08968353271484,544.366455078125,551.87353515625,550.8857727050781,581.1116790771484,578.7410125732422,608.9669342041016,608.9669342041016
799.9790649414062,798.7915573120117,797.8019561767578,782.9580688476562,797.8019561767578,772.468376159668,806.9062194824219,763.3641166687012,810.0729141235352,768.5100059509277,812.8437805175781,781.3747177124023,802.1561660766602,781.572639465332,802.9478454589844,778.0101013183594,804.5311965942383,488.80445861816406,485.04203033447266,485.43807220458984,488.01236724853516,486.62621307373047,504.64624786376953,507.41856384277344,521.0821075439453,532.3693771362305,502.07196044921875,544.4487533569336,551.9736022949219,551.7755737304688,581.4789428710938,578.9046478271484,612.5684509277344,610.3902130126953
802.4073181152344,801.8185043334961,801.2296905517578,784.7429351806641,796.5191955566406,775.3219299316406,807.1178207397461,767.4710884094238,813.0059509277344,771.5927772521973,814.7723922729492,784.1541137695312,804.1737518310547,784.1541137695312,803.388671875,781.9951400756836,804.1737518310547,483.75818634033203,480.61446380615234,480.61446380615234,483.16873931884766,481.5968780517578,500.65567779541016,503.0134735107422,523.0546798706055,528.7526779174805,497.90492248535156,542.3099670410156,551.1516876220703,550.9552001953125,581.2134857177734,579.6416320800781,611.6682739257812,613.0436553955078
802.8939208984375,803.2895736694336,800.7178955078125,785.6834869384766,799.5309677124023,777.1771812438965,810.4111328125,770.6490859985352,816.5435791015625,,816.1479415893555,786.4747695922852,806.4547119140625,788.6508026123047,804.4765014648438,787.6616973876953,805.2677841186523,479.31241607666016,475.9463577270508,476.1443557739258,478.9164047241211,477.1343765258789,496.93470001220703,499.5087356567383,520.4970626831055,523.4671096801758,,535.5453109741211,545.4454650878906,545.6434631347656,578.1159820556641,577.7199859619141,609.5984954833984,611.7765197753906
804.4403686523438,805.2301788330078,802.2683792114258,788.2492218017578,803.2556457519531,778.3765716552734,812.3384857177734,772.6504364013672,819.6442413330078,789.0390319824219,817.0773544311523,787.4594116210938,808.3894271850586,792.5931854248047,805.2301788330078,791.8033752441406,804.2429122924805,475.67215728759766,471.1386947631836,471.33580780029297,473.70108795166016,473.5039749145508,491.6378173828125,494.3973159790039,517.0646133422852,523.3720321655273,514.3051223754883,532.4389572143555,541.3087615966797,541.505859375,574.6198272705078,574.6198272705078,605.7627258300781,609.7048645019531
807.6644592285156,807.8635635375977,805.6733627319336,790.3418884277344,802.4875946044922,778.9926261901855,811.0493240356445,773.8157653808594,820.208381652832,782.1783828735352,,789.3463363647461,809.4564437866211,791.9347686767578,807.4653396606445,793.5276489257812,804.4786987304688,469.1971893310547,465.6074981689453,465.8069267272949,468.2000503540039,467.60176849365234,487.14564514160156,487.3450698852539,514.2677612304688,508.48436737060547,508.68379974365234,,536.6036071777344,534.6093444824219,561.3325958251953,570.5062408447266,599.0243377685547,607.5997161865234
808.8626251220703,809.0662460327148,806.8264236450195,792.3693695068359,807.0300369262695,781.3738632202148,812.7314147949219,774.8580093383789,823.3196792602539,774.8580093383789,822.0979537963867,790.9440231323242,810.8988265991211,795.2200546264648,810.4915924072266,797.0526351928711,804.7902145385742,465.3422622680664,462.0790100097656,462.0790100097656,464.52645111083984,464.11853790283203,483.2901382446289,483.69803619384766,510.619873046875,510.619873046875,482.27037048339844,507.3566131591797,533.4626312255859,533.0547180175781,571.6018524169922,557.1211853027344,597.7078704833984,598.9315795898438
809.54736328125,809.3410797119141,808.3096237182617,791.806396484375,807.0718841552734,781.2855911254883,813.2605972290039,774.4780120849609,823.3688201904297,775.5094604492188,,790.5686569213867,810.9914016723633,793.6630096435547,811.1976928710938,797.3762359619141,805.0089797973633,465.78124237060547,462.48397064208984,462.27789306640625,464.95692443847656,464.5447692871094,483.2979736328125,484.12229919433594,508.6457214355469,510.29437255859375,481.23719024658203,,533.1691589355469,532.7570037841797,556.6622009277344,556.4561004638672,596.6415710449219,597.2597961425781
811.1342163085938,811.1342163085938,809.8893890380859,793.2916107177734,809.6819076538086,783.5404281616211,816.5284881591797,773.996711730957,825.0348434448242,777.1087913513184,824.2049560546875,793.2916107177734,813.2089385986328,794.7439193725586,811.7566299438477,796.6111679077148,806.5698318481445,462.8449478149414,459.52266693115234,459.73030853271484,462.2220230102539,462.0143737792969,480.7022171020508,481.5327835083008,497.7289123535156,503.95819091796875,478.62579345703125,500.6359100341797,528.8753204345703,528.4600067138672,553.5847778320312,556.4917755126953,581.4088897705078,598.0203094482422
809.3463668823242,811.4293746948242,805.8052597045898,794.1404266357422,811.4293746948242,785.3918075561523,818.7198944091797,776.2265815734863,827.6768188476562,779.5593872070312,825.3855133056641,794.3487319946289,814.5538864135742,797.4732360839844,812.2625732421875,801.4309463500977,804.5554580688477,463.9061737060547,460.15579986572266,460.572509765625,461.19757080078125,460.7808609008789,478.4909362792969,479.53269958496094,489.32532501220703,504.9518585205078,476.4073944091797,517.4530868530273,525.9955902099609,525.5788726806641,553.9149780273438,557.8737030029297,584.9597015380859,604.5449523925781
813.9982223510742,813.9982223510742,813.9982223510742,796.6195678710938,812.5500030517578,786.4820251464844,819.1704406738281,779.0340309143066,829.5148620605469,780.8960304260254,827.4459838867188,796.8264617919922,815.6533279418945,799.9297866821289,815.860221862793,802.4124526977539,809.4466705322266,462.74351501464844,459.4337463378906,459.4337463378906,459.8474655151367,460.05432891845703,477.8443298339844,479.9129409790039,496.2549133300781,501.8401565551758,517.147834777832,483.0158462524414,524.5948028564453,524.387939453125,551.9003753662109,555.2101440429688,584.5843505859375,587.687255859375
812.0031127929688,814.6545257568359,809.5556564331055,798.5420989990234,813.8387069702148,788.3443756103516,820.7731628417969,779.5743179321289,830.7669448852539,787.5285491943359,828.7274017333984,798.3381500244141,816.8980255126953,801.6014175415039,818.9375762939453,801.8053741455078,811.5952072143555,462.04151916503906,458.77793884277344,458.77793884277344,458.9819107055664,459.59383392333984,476.31968688964844,478.9713439941406,487.9461898803711,499.3687286376953,503.44820404052734,481.41902923583984,523.4376373291016,523.6416015625,548.5264129638672,549.5462799072266,577.2867279052734,581.5701751708984
818.360969543457,817.5514984130859,817.3491363525391,800.3504409790039,815.1231155395508,789.6250762939453,820.3846206665039,777.6855163574219,832.7289123535156,796.7078628540039,830.3005218505859,800.3504409790039,819.3727874755859,802.9811935424805,822.6106338500977,803.1835556030273,811.2781753540039,461.0590362548828,458.02027130126953,458.02027130126953,458.42543029785156,460.0461120605469,475.23995208740234,478.0761413574219,495.2958221435547,499.9552688598633,468.95983123779297,480.1019821166992,522.6447296142578,523.2524871826172,549.3858947753906,548.1703948974609,577.7477264404297,580.7864990234375
818.2129516601562,818.2129516601562,818.2129516601562,800.7020034790039,815.9989242553711,789.8331451416016,822.2384567260742,779.1655540466309,832.9060516357422,796.0726776123047,831.2958450317383,800.500732421875,819.0180511474609,803.5198593139648,822.2384567260742,803.5198593139648,811.3695983886719,461.4163131713867,457.5940170288086,457.7951889038086,458.5998840332031,459.4045715332031,475.6996383666992,478.71724700927734,496.2193374633789,501.44986724853516,469.4632568359375,481.93601989746094,522.9754180908203,522.9754180908203,548.3233032226562,548.3233032226562,583.1263275146484,580.5110778808594
819.0046081542969,819.6103820800781,820.0142211914062,803.4566879272461,817.9950103759766,792.7548599243164,823.2449569702148,781.8511199951172,833.7448654174805,788.1106796264648,833.7448654174805,803.4566879272461,821.8315124511719,805.6778106689453,825.2641677856445,804.8701400756836,810.1200790405273,460.34613037109375,457.1065216064453,457.1065216064453,457.1065216064453,457.71395111083984,473.3045349121094,476.9490966796875,484.8456268310547,499.2213592529297,490.9198760986328,480.3911666870117,521.6961059570312,522.3035278320312,550.4475708007812,547.2079772949219,580.81884765625,581.6287384033203
822.7782363891602,822.7782363891602,822.9791412353516,805.0982818603516,820.7691421508789,793.8474006652832,826.9973068237305,787.6192359924316,834.4309310913086,792.0392303466797,835.2345504760742,804.4955520629883,822.9791412353516,808.5137252807617,829.2073059082031,805.299186706543,814.5409851074219,460.05248260498047,455.62451171875,455.4232406616211,454.41687774658203,455.4232406616211,469.5122604370117,475.9529571533203,492.4572448730469,497.2877655029297,500.91065979003906,477.764404296875,519.4276733398438,520.4340209960938,544.9891815185547,545.5929870605469,579.4066467285156,573.3684997558594
826.4345474243164,824.6629867553711,826.0408630371094,807.9315338134766,823.0882568359375,797.1053085327148,828.4029541015625,789.231689453125,836.8670883178711,799.0737152099609,835.292366027832,807.144172668457,825.0566635131836,810.2936248779297,834.7018432617188,805.9631271362305,814.0335922241211,454.35591888427734,451.78993225097656,451.1977767944336,451.1977767944336,452.5794677734375,466.9884719848633,471.9230651855469,481.59486389160156,493.63526153564453,491.06927490234375,476.26551055908203,514.9527130126953,515.1500854492188,542.9811859130859,536.6649169921875,572.9835052490234,577.5233306884766
831.3582534790039,830.1679611206055,830.9614868164062,810.3296661376953,827.7873611450195,799.8153762817383,831.1598663330078,790.4913749694824,838.3016586303711,807.9490737915039,839.293571472168,808.3458404541016,826.9938354492188,809.3377532958984,838.3016586303711,805.1717147827148,816.2811508178711,450.0570602416992,446.8773880004883,447.07611083984375,447.67230224609375,449.8583297729492,462.17958068847656,469.93004608154297,482.4500274658203,492.58524322509766,458.20499420166016,472.51353454589844,512.6569671630859,513.0544128417969,545.6461181640625,540.0816802978516,581.81494140625,578.6352691650391
